state,district,age_0_5,age_5_17,age_18_greater,total_enrolments,mbu_eligible,bio_age_5_17,bio_age_17_,total_bio_updates,mbu_compliance_ratio,mbu_gap,risk_category
100000,100000,0.0,1.0,217.0,218.0,1.0,0.0,0.0,0.0,0.0,1.0,Red (Service Desert)
Andaman & Nicobar Islands,Andamans,70.0,5.0,0.0,75.0,75.0,343.0,1672.0,2015.0,100.0,0.0,Green (Compliant)
Andaman & Nicobar Islands,Nicobars,1.0,0.0,0.0,1.0,1.0,1.0,1.0,2.0,100.0,0.0,Green (Compliant)
Andaman & Nicobar Islands,South Andaman,38.0,0.0,0.0,38.0,38.0,61.0,306.0,367.0,100.0,0.0,Green (Compliant)
Andaman and Nicobar Islands,Nicobar,64.0,11.0,0.0,75.0,75.0,992.0,819.0,1811.0,100.0,0.0,Green (Compliant)
Andaman and Nicobar Islands,North And Middle Andaman,128.0,4.0,0.0,132.0,132.0,3780.0,2603.0,6383.0,100.0,0.0,Green (Compliant)
Andaman and Nicobar Islands,South Andaman,178.0,12.0,0.0,190.0,190.0,6629.0,3491.0,10120.0,100.0,0.0,Green (Compliant)
Andhra Pradesh,Adilabad,1137.0,281.0,1.0,1419.0,1418.0,12208.0,39830.0,52038.0,100.0,0.0,Green (Compliant)
Andhra Pradesh,Alluri Sitharama Raju,1105.0,116.0,34.0,1255.0,1221.0,8438.0,10169.0,18607.0,100.0,0.0,Green (Compliant)
Andhra Pradesh,Anakapalli,523.0,12.0,8.0,543.0,535.0,3542.0,3181.0,6723.0,100.0,0.0,Green (Compliant)
Andhra Pradesh,Anantapur,4089.0,326.0,0.0,4415.0,4415.0,35834.0,57731.0,93565.0,100.0,0.0,Green (Compliant)
Andhra Pradesh,Ananthapur,1843.0,151.0,0.0,1994.0,1994.0,64082.0,20050.0,84132.0,100.0,0.0,Green (Compliant)
Andhra Pradesh,Ananthapuramu,3018.0,159.0,10.0,3187.0,3177.0,90533.0,19069.0,109602.0,100.0,0.0,Green (Compliant)
Andhra Pradesh,Annamayya,868.0,48.0,105.0,1021.0,916.0,5790.0,3922.0,9712.0,100.0,0.0,Green (Compliant)
Andhra Pradesh,Bapatla,421.0,55.0,16.0,492.0,476.0,3899.0,2083.0,5982.0,100.0,0.0,Green (Compliant)
Andhra Pradesh,Chittoor,7493.0,659.0,43.0,8195.0,8152.0,168710.0,82695.0,251405.0,100.0,0.0,Green (Compliant)
Andhra Pradesh,Cuddapah,5519.0,413.0,2.0,5934.0,5932.0,115127.0,55669.0,170796.0,100.0,0.0,Green (Compliant)
Andhra Pradesh,Dr. B. R. Ambedkar Konaseema,618.0,30.0,17.0,665.0,648.0,4352.0,2954.0,7306.0,100.0,0.0,Green (Compliant)
Andhra Pradesh,East Godavari,7161.0,507.0,10.0,7678.0,7668.0,204904.0,96946.0,301850.0,100.0,0.0,Green (Compliant)
Andhra Pradesh,Eluru,568.0,45.0,16.0,629.0,613.0,4288.0,3942.0,8230.0,100.0,0.0,Green (Compliant)
Andhra Pradesh,Guntur,8769.0,925.0,35.0,9729.0,9694.0,187665.0,104029.0,291694.0,100.0,0.0,Green (Compliant)
Andhra Pradesh,Hyderabad,3831.0,1008.0,1.0,4840.0,4839.0,23363.0,82381.0,105744.0,100.0,0.0,Green (Compliant)
Andhra Pradesh,K.V.Rangareddy,55.0,14.0,0.0,69.0,69.0,168.0,605.0,773.0,100.0,0.0,Green (Compliant)
Andhra Pradesh,K.v. Rangareddy,15.0,4.0,0.0,19.0,19.0,216.0,188.0,404.0,100.0,0.0,Green (Compliant)
Andhra Pradesh,Kakinada,858.0,84.0,27.0,969.0,942.0,7141.0,4557.0,11698.0,100.0,0.0,Green (Compliant)
Andhra Pradesh,Karim Nagar,71.0,11.0,0.0,82.0,82.0,387.0,1310.0,1697.0,100.0,0.0,Green (Compliant)
Andhra Pradesh,Karimnagar,552.0,107.0,0.0,659.0,659.0,4338.0,12789.0,17127.0,100.0,0.0,Green (Compliant)
Andhra Pradesh,Khammam,869.0,264.0,0.0,1133.0,1133.0,15536.0,25422.0,40958.0,100.0,0.0,Green (Compliant)
Andhra Pradesh,Krishna,6163.0,540.0,34.0,6737.0,6703.0,146788.0,86459.0,233247.0,100.0,0.0,Green (Compliant)
Andhra Pradesh,Kurnool,10923.0,823.0,24.0,11770.0,11746.0,242992.0,107641.0,350633.0,100.0,0.0,Green (Compliant)
Andhra Pradesh,Mahabub Nagar,1079.0,432.0,0.0,1511.0,1511.0,822.0,13030.0,13852.0,54.40105890138981,689.0,Yellow (Moderate Risk)
Andhra Pradesh,Mahabubnagar,7.0,0.0,0.0,7.0,7.0,39.0,81.0,120.0,100.0,0.0,Green (Compliant)
Andhra Pradesh,Mahbubnagar,511.0,211.0,0.0,722.0,722.0,3060.0,11679.0,14739.0,100.0,0.0,Green (Compliant)
Andhra Pradesh,Medak,1176.0,229.0,1.0,1406.0,1405.0,6281.0,16164.0,22445.0,100.0,0.0,Green (Compliant)
Andhra Pradesh,N. T. R,790.0,97.0,46.0,933.0,887.0,6788.0,6771.0,13559.0,100.0,0.0,Green (Compliant)
Andhra Pradesh,Nalgonda,951.0,216.0,0.0,1167.0,1167.0,5640.0,27013.0,32653.0,100.0,0.0,Green (Compliant)
Andhra Pradesh,Nandyal,860.0,39.0,6.0,905.0,899.0,6337.0,4303.0,10640.0,100.0,0.0,Green (Compliant)
Andhra Pradesh,Nellore,4611.0,754.0,2.0,5367.0,5365.0,99065.0,59412.0,158477.0,100.0,0.0,Green (Compliant)
Andhra Pradesh,Nizamabad,453.0,71.0,0.0,524.0,524.0,3452.0,7527.0,10979.0,100.0,0.0,Green (Compliant)
Andhra Pradesh,Palnadu,759.0,76.0,25.0,860.0,835.0,6007.0,4046.0,10053.0,100.0,0.0,Green (Compliant)
Andhra Pradesh,Parvathipuram Manyam,464.0,36.0,8.0,508.0,500.0,5090.0,5540.0,10630.0,100.0,0.0,Green (Compliant)
Andhra Pradesh,Prakasam,6405.0,1157.0,61.0,7623.0,7562.0,136533.0,75766.0,212299.0,100.0,0.0,Green (Compliant)
Andhra Pradesh,Rangareddi,1478.0,405.0,0.0,1883.0,1883.0,13261.0,41326.0,54587.0,100.0,0.0,Green (Compliant)
Andhra Pradesh,Spsr Nellore,1167.0,713.0,303.0,2183.0,1880.0,0.0,0.0,0.0,0.0,1880.0,Red (Service Desert)
Andhra Pradesh,Sri Potti Sriramulu Nellore,689.0,622.0,303.0,1614.0,1311.0,6668.0,3467.0,10135.0,100.0,0.0,Green (Compliant)
Andhra Pradesh,Sri Sathya Sai,879.0,40.0,19.0,938.0,919.0,5704.0,4711.0,10415.0,100.0,0.0,Green (Compliant)
Andhra Pradesh,Srikakulam,4157.0,135.0,8.0,4300.0,4292.0,125178.0,67429.0,192607.0,100.0,0.0,Green (Compliant)
Andhra Pradesh,Tirupati,802.0,689.0,228.0,1719.0,1491.0,5633.0,4765.0,10398.0,100.0,0.0,Green (Compliant)
Andhra Pradesh,Visakhapatanam,186.0,28.0,12.0,226.0,214.0,0.0,0.0,0.0,0.0,214.0,Red (Service Desert)
Andhra Pradesh,Visakhapatnam,7688.0,460.0,30.0,8178.0,8148.0,195385.0,115918.0,311303.0,100.0,0.0,Green (Compliant)
Andhra Pradesh,Vizianagaram,3695.0,158.0,3.0,3856.0,3853.0,101296.0,58702.0,159998.0,100.0,0.0,Green (Compliant)
Andhra Pradesh,Warangal,858.0,201.0,0.0,1059.0,1059.0,13746.0,38012.0,51758.0,100.0,0.0,Green (Compliant)
Andhra Pradesh,West Godavari,5568.0,343.0,24.0,5935.0,5911.0,139979.0,80435.0,220414.0,100.0,0.0,Green (Compliant)
Andhra Pradesh,Y. S. R,738.0,52.0,33.0,823.0,790.0,5183.0,3425.0,8608.0,100.0,0.0,Green (Compliant)
Arunachal Pradesh,Anjaw,23.0,11.0,3.0,37.0,34.0,675.0,496.0,1171.0,100.0,0.0,Green (Compliant)
Arunachal Pradesh,Changlang,486.0,304.0,13.0,803.0,790.0,5436.0,2747.0,8183.0,100.0,0.0,Green (Compliant)
Arunachal Pradesh,Dibang Valley,7.0,3.0,0.0,10.0,10.0,313.0,158.0,471.0,100.0,0.0,Green (Compliant)
Arunachal Pradesh,East Kameng,88.0,79.0,14.0,181.0,167.0,2690.0,1607.0,4297.0,100.0,0.0,Green (Compliant)
Arunachal Pradesh,East Siang,80.0,86.0,2.0,168.0,166.0,2242.0,1079.0,3321.0,100.0,0.0,Green (Compliant)
Arunachal Pradesh,Kamle,3.0,25.0,2.0,30.0,28.0,57.0,86.0,143.0,100.0,0.0,Green (Compliant)
Arunachal Pradesh,Kra Daadi,18.0,59.0,4.0,81.0,77.0,717.0,523.0,1240.0,100.0,0.0,Green (Compliant)
Arunachal Pradesh,Kurung Kumey,19.0,44.0,12.0,75.0,63.0,1299.0,2091.0,3390.0,100.0,0.0,Green (Compliant)
Arunachal Pradesh,Leparada,0.0,2.0,1.0,3.0,2.0,34.0,2.0,36.0,100.0,0.0,Green (Compliant)
Arunachal Pradesh,Lohit,102.0,63.0,1.0,166.0,165.0,1796.0,2095.0,3891.0,100.0,0.0,Green (Compliant)
Arunachal Pradesh,Longding,141.0,719.0,37.0,897.0,860.0,1611.0,988.0,2599.0,100.0,0.0,Green (Compliant)
Arunachal Pradesh,Lower Dibang Valley,58.0,49.0,2.0,109.0,107.0,1373.0,875.0,2248.0,100.0,0.0,Green (Compliant)
Arunachal Pradesh,Lower Siang,10.0,18.0,3.0,31.0,28.0,359.0,54.0,413.0,100.0,0.0,Green (Compliant)
Arunachal Pradesh,Lower Subansiri,50.0,55.0,0.0,105.0,105.0,1530.0,1150.0,2680.0,100.0,0.0,Green (Compliant)
Arunachal Pradesh,Namsai,95.0,54.0,1.0,150.0,149.0,3561.0,2442.0,6003.0,100.0,0.0,Green (Compliant)
Arunachal Pradesh,Pakke Kessang,2.0,1.0,1.0,4.0,3.0,30.0,44.0,74.0,100.0,0.0,Green (Compliant)
Arunachal Pradesh,Papum Pare,201.0,241.0,5.0,447.0,442.0,4835.0,4424.0,9259.0,100.0,0.0,Green (Compliant)
Arunachal Pradesh,Shi-yomi,8.0,22.0,5.0,35.0,30.0,210.0,319.0,529.0,100.0,0.0,Green (Compliant)
Arunachal Pradesh,Siang,39.0,60.0,4.0,103.0,99.0,880.0,429.0,1309.0,100.0,0.0,Green (Compliant)
Arunachal Pradesh,Tawang,104.0,43.0,7.0,154.0,147.0,1866.0,598.0,2464.0,100.0,0.0,Green (Compliant)
Arunachal Pradesh,Tirap,59.0,39.0,1.0,99.0,98.0,1371.0,522.0,1893.0,100.0,0.0,Green (Compliant)
Arunachal Pradesh,Upper Siang,21.0,21.0,1.0,43.0,42.0,1235.0,561.0,1796.0,100.0,0.0,Green (Compliant)
Arunachal Pradesh,Upper Subansiri,76.0,55.0,12.0,143.0,131.0,2462.0,1704.0,4166.0,100.0,0.0,Green (Compliant)
Arunachal Pradesh,West Kameng,157.0,103.0,18.0,278.0,260.0,2967.0,3205.0,6172.0,100.0,0.0,Green (Compliant)
Arunachal Pradesh,West Siang,110.0,80.0,2.0,192.0,190.0,3345.0,1301.0,4646.0,100.0,0.0,Green (Compliant)
Assam,Bajali,19.0,8.0,2.0,29.0,27.0,6.0,17.0,23.0,22.22222222222222,21.0,Red (Service Desert)
Assam,Baksa,2120.0,1179.0,400.0,3699.0,3299.0,11602.0,5853.0,17455.0,100.0,0.0,Green (Compliant)
Assam,Barpeta,10545.0,3306.0,532.0,14383.0,13851.0,66392.0,29029.0,95421.0,100.0,0.0,Green (Compliant)
Assam,Biswanath,789.0,464.0,76.0,1329.0,1253.0,6159.0,3389.0,9548.0,100.0,0.0,Green (Compliant)
Assam,Bongaigaon,2324.0,626.0,225.0,3175.0,2950.0,24633.0,11975.0,36608.0,100.0,0.0,Green (Compliant)
Assam,Cachar,11474.0,4513.0,1527.0,17514.0,15987.0,42167.0,23978.0,66145.0,100.0,0.0,Green (Compliant)
Assam,Charaideo,659.0,336.0,194.0,1189.0,995.0,6096.0,2197.0,8293.0,100.0,0.0,Green (Compliant)
Assam,Chirang,2013.0,1071.0,264.0,3348.0,3084.0,18078.0,9009.0,27087.0,100.0,0.0,Green (Compliant)
Assam,Darrang,4390.0,1914.0,1291.0,7595.0,6304.0,16240.0,10025.0,26265.0,100.0,0.0,Green (Compliant)
Assam,Dhemaji,3864.0,1846.0,1191.0,6901.0,5710.0,12494.0,8236.0,20730.0,100.0,0.0,Green (Compliant)
Assam,Dhubri,8432.0,3849.0,365.0,12646.0,12281.0,40373.0,19102.0,59475.0,100.0,0.0,Green (Compliant)
Assam,Dibrugarh,3895.0,1675.0,1492.0,7062.0,5570.0,14970.0,11765.0,26735.0,100.0,0.0,Green (Compliant)
Assam,Dima Hasao,119.0,103.0,28.0,250.0,222.0,11.0,14.0,25.0,4.954954954954955,211.0,Red (Service Desert)
Assam,Goalpara,6881.0,2220.0,797.0,9898.0,9101.0,17021.0,10603.0,27624.0,100.0,0.0,Green (Compliant)
Assam,Golaghat,5537.0,4047.0,1921.0,11505.0,9584.0,12369.0,7785.0,20154.0,100.0,0.0,Green (Compliant)
Assam,Hailakandi,3826.0,1441.0,311.0,5578.0,5267.0,14201.0,6922.0,21123.0,100.0,0.0,Green (Compliant)
Assam,Hojai,5288.0,1607.0,155.0,7050.0,6895.0,15271.0,13731.0,29002.0,100.0,0.0,Green (Compliant)
Assam,Jorhat,2905.0,1122.0,860.0,4887.0,4027.0,10704.0,5575.0,16279.0,100.0,0.0,Green (Compliant)
Assam,Kamrup,9311.0,3370.0,985.0,13666.0,12681.0,30056.0,13196.0,43252.0,100.0,0.0,Green (Compliant)
Assam,Kamrup Metro,2654.0,2055.0,1337.0,6046.0,4709.0,14584.0,12178.0,26762.0,100.0,0.0,Green (Compliant)
Assam,Karbi Anglong,2918.0,4107.0,1082.0,8107.0,7025.0,25507.0,13699.0,39206.0,100.0,0.0,Green (Compliant)
Assam,Karimganj,9336.0,4903.0,594.0,14833.0,14239.0,24232.0,11414.0,35646.0,100.0,0.0,Green (Compliant)
Assam,Kokrajhar,2519.0,1572.0,518.0,4609.0,4091.0,18300.0,10559.0,28859.0,100.0,0.0,Green (Compliant)
Assam,Lakhimpur,4726.0,1825.0,648.0,7199.0,6551.0,17189.0,12583.0,29772.0,100.0,0.0,Green (Compliant)
Assam,Majuli,347.0,157.0,11.0,515.0,504.0,2139.0,1243.0,3382.0,100.0,0.0,Green (Compliant)
Assam,Marigaon,6735.0,2928.0,824.0,10487.0,9663.0,19361.0,14575.0,33936.0,100.0,0.0,Green (Compliant)
Assam,Nagaon,9002.0,3478.0,393.0,12873.0,12480.0,44214.0,73665.0,117879.0,100.0,0.0,Green (Compliant)
Assam,Nalbari,2709.0,977.0,195.0,3881.0,3686.0,14657.0,5594.0,20251.0,100.0,0.0,Green (Compliant)
Assam,North Cachar Hills,501.0,420.0,137.0,1058.0,921.0,2782.0,1242.0,4024.0,100.0,0.0,Green (Compliant)
Assam,Sibsagar,1561.0,514.0,662.0,2737.0,2075.0,8287.0,3093.0,11380.0,100.0,0.0,Green (Compliant)
Assam,Sivasagar,204.0,113.0,105.0,422.0,317.0,0.0,0.0,0.0,0.0,317.0,Red (Service Desert)
Assam,Sonitpur,5501.0,2723.0,973.0,9197.0,8224.0,17454.0,12663.0,30117.0,100.0,0.0,Green (Compliant)
Assam,South Salmara Mankachar,1062.0,364.0,46.0,1472.0,1426.0,2855.0,1993.0,4848.0,100.0,0.0,Green (Compliant)
Assam,Sribhumi,115.0,43.0,11.0,169.0,158.0,42.0,315.0,357.0,26.582278481012654,116.0,Red (Service Desert)
Assam,Tamulpur District,22.0,33.0,0.0,55.0,55.0,17.0,53.0,70.0,30.909090909090907,38.0,Red (Service Desert)
Assam,Tinsukia,3884.0,2867.0,1633.0,8384.0,6751.0,12082.0,7167.0,19249.0,100.0,0.0,Green (Compliant)
Assam,Udalguri,2658.0,1322.0,585.0,4565.0,3980.0,12995.0,9353.0,22348.0,100.0,0.0,Green (Compliant)
Assam,West Karbi Anglong,390.0,987.0,507.0,1884.0,1377.0,1084.0,2308.0,3392.0,78.72185911401598,293.0,Yellow (Moderate Risk)
Bihar,Araria,9939.0,5515.0,125.0,15579.0,15454.0,72533.0,82911.0,155444.0,100.0,0.0,Green (Compliant)
Bihar,Arwal,812.0,3020.0,34.0,3866.0,3832.0,12094.0,18610.0,30704.0,100.0,0.0,Green (Compliant)
Bihar,Aurangabad,3001.0,7096.0,73.0,10170.0,10097.0,46556.0,49874.0,96430.0,100.0,0.0,Green (Compliant)
Bihar,Aurangabad(BH),5.0,3.0,0.0,8.0,8.0,1.0,9.0,10.0,12.5,7.0,Red (Service Desert)
Bihar,Aurangabad(bh),44.0,61.0,0.0,105.0,105.0,34.0,188.0,222.0,32.38095238095238,71.0,Red (Service Desert)
Bihar,Banka,6198.0,4797.0,79.0,11074.0,10995.0,49854.0,48373.0,98227.0,100.0,0.0,Green (Compliant)
Bihar,Begusarai,8106.0,5045.0,58.0,13209.0,13151.0,72549.0,74659.0,147208.0,100.0,0.0,Green (Compliant)
Bihar,Bhabua,14.0,17.0,0.0,31.0,31.0,4.0,29.0,33.0,12.903225806451612,27.0,Red (Service Desert)
Bihar,Bhagalpur,10456.0,10229.0,377.0,21062.0,20685.0,72409.0,75905.0,148314.0,100.0,0.0,Green (Compliant)
Bihar,Bhojpur,3136.0,10115.0,106.0,13357.0,13251.0,39485.0,57511.0,96996.0,100.0,0.0,Green (Compliant)
Bihar,Buxar,2528.0,4648.0,64.0,7240.0,7176.0,24831.0,32197.0,57028.0,100.0,0.0,Green (Compliant)
Bihar,Darbhanga,10017.0,5677.0,71.0,15765.0,15694.0,93323.0,117057.0,210380.0,100.0,0.0,Green (Compliant)
Bihar,East Champaran,10147.0,18371.0,805.0,29323.0,28518.0,95935.0,116199.0,212134.0,100.0,0.0,Green (Compliant)
Bihar,Gaya,6722.0,20244.0,435.0,27401.0,26966.0,85898.0,99274.0,185172.0,100.0,0.0,Green (Compliant)
Bihar,Gopalganj,5303.0,9649.0,196.0,15148.0,14952.0,46818.0,56666.0,103484.0,100.0,0.0,Green (Compliant)
Bihar,Jamui,5193.0,5029.0,160.0,10382.0,10222.0,46558.0,35599.0,82157.0,100.0,0.0,Green (Compliant)
Bihar,Jehanabad,915.0,3827.0,141.0,4883.0,4742.0,15681.0,21749.0,37430.0,100.0,0.0,Green (Compliant)
Bihar,Kaimur (Bhabua),3033.0,4707.0,85.0,7825.0,7740.0,37550.0,40607.0,78157.0,100.0,0.0,Green (Compliant)
Bihar,Katihar,11332.0,4903.0,115.0,16350.0,16235.0,98243.0,119037.0,217280.0,100.0,0.0,Green (Compliant)
Bihar,Khagaria,4348.0,3779.0,69.0,8196.0,8127.0,39283.0,40621.0,79904.0,100.0,0.0,Green (Compliant)
Bihar,Kishanganj,6957.0,1782.0,25.0,8764.0,8739.0,57815.0,83464.0,141279.0,100.0,0.0,Green (Compliant)
Bihar,Lakhisarai,2664.0,3423.0,68.0,6155.0,6087.0,22610.0,26887.0,49497.0,100.0,0.0,Green (Compliant)
Bihar,Madhepura,4571.0,4417.0,39.0,9027.0,8988.0,51666.0,65571.0,117237.0,100.0,0.0,Green (Compliant)
Bihar,Madhubani,12598.0,12534.0,798.0,25930.0,25132.0,110514.0,127621.0,238135.0,100.0,0.0,Green (Compliant)
Bihar,Monghyr,29.0,20.0,0.0,49.0,49.0,5.0,94.0,99.0,10.204081632653061,44.0,Red (Service Desert)
Bihar,Munger,2445.0,3534.0,108.0,6087.0,5979.0,21620.0,28851.0,50471.0,100.0,0.0,Green (Compliant)
Bihar,Muzaffarpur,14087.0,14103.0,665.0,28855.0,28190.0,93075.0,115469.0,208544.0,100.0,0.0,Green (Compliant)
Bihar,Nalanda,3676.0,10763.0,136.0,14575.0,14439.0,51140.0,66262.0,117402.0,100.0,0.0,Green (Compliant)
Bihar,Nawada,2742.0,12380.0,291.0,15413.0,15122.0,38447.0,47798.0,86245.0,100.0,0.0,Green (Compliant)
Bihar,Pashchim Champaran,5060.0,10737.0,562.0,16359.0,15797.0,40.0,313.0,353.0,0.253212635310502,15757.0,Red (Service Desert)
Bihar,Patna,6745.0,17151.0,748.0,24644.0,23896.0,93322.0,115692.0,209014.0,100.0,0.0,Green (Compliant)
Bihar,Purba Champaran,61.0,66.0,0.0,127.0,127.0,27.0,237.0,264.0,21.25984251968504,100.0,Red (Service Desert)
Bihar,Purbi Champaran,4000.0,10071.0,800.0,14871.0,14071.0,0.0,0.0,0.0,0.0,14071.0,Red (Service Desert)
Bihar,Purnea,169.0,88.0,0.0,257.0,257.0,1027.0,3927.0,4954.0,100.0,0.0,Green (Compliant)
Bihar,Purnia,12195.0,7721.0,184.0,20100.0,19916.0,106033.0,122518.0,228551.0,100.0,0.0,Green (Compliant)
Bihar,Rohtas,2741.0,5120.0,78.0,7939.0,7861.0,50054.0,61656.0,111710.0,100.0,0.0,Green (Compliant)
Bihar,Saharsa,6281.0,6577.0,205.0,13063.0,12858.0,42412.0,77454.0,119866.0,100.0,0.0,Green (Compliant)
Bihar,Samastipur,11289.0,7787.0,131.0,19207.0,19076.0,93161.0,107004.0,200165.0,100.0,0.0,Green (Compliant)
Bihar,Samstipur,41.0,41.0,0.0,82.0,82.0,13.0,182.0,195.0,15.853658536585366,69.0,Red (Service Desert)
Bihar,Saran,7592.0,16407.0,219.0,24218.0,23999.0,63026.0,85477.0,148503.0,100.0,0.0,Green (Compliant)
Bihar,Sheikhpura,1244.0,1934.0,21.0,3199.0,3178.0,16884.0,23539.0,40423.0,100.0,0.0,Green (Compliant)
Bihar,Sheikpura,11.0,18.0,0.0,29.0,29.0,5.0,128.0,133.0,17.24137931034483,24.0,Red (Service Desert)
Bihar,Sheohar,2067.0,1184.0,11.0,3262.0,3251.0,12986.0,19696.0,32682.0,100.0,0.0,Green (Compliant)
Bihar,Sitamarhi,20679.0,18856.0,2697.0,42232.0,39535.0,84925.0,97075.0,182000.0,100.0,0.0,Green (Compliant)
Bihar,Siwan,6149.0,9025.0,137.0,15311.0,15174.0,52907.0,72897.0,125804.0,100.0,0.0,Green (Compliant)
Bihar,Supaul,5691.0,4563.0,157.0,10411.0,10254.0,47023.0,65347.0,112370.0,100.0,0.0,Green (Compliant)
Bihar,Vaishali,8257.0,9698.0,52.0,18007.0,17955.0,72298.0,95862.0,168160.0,100.0,0.0,Green (Compliant)
Bihar,West Champaran,11585.0,18070.0,783.0,30438.0,29655.0,75467.0,91350.0,166817.0,100.0,0.0,Green (Compliant)
Chandigarh,Chandigarh,2473.0,211.0,36.0,2720.0,2684.0,49166.0,25296.0,74462.0,100.0,0.0,Green (Compliant)
Chandigarh,Mohali,0.0,0.0,0.0,0.0,0.0,2.0,4.0,6.0,0.0,0.0,Red (Service Desert)
Chandigarh,Rupnagar,3.0,0.0,0.0,3.0,3.0,3.0,11.0,14.0,100.0,0.0,Green (Compliant)
Chhatisgarh,Raipur,0.0,0.0,0.0,0.0,0.0,2.0,3.0,5.0,0.0,0.0,Red (Service Desert)
Chhattisgarh,Balod,1603.0,71.0,4.0,1678.0,1674.0,26841.0,54374.0,81215.0,100.0,0.0,Green (Compliant)
Chhattisgarh,Baloda Bazar,4349.0,562.0,33.0,4944.0,4911.0,53691.0,87056.0,140747.0,100.0,0.0,Green (Compliant)
Chhattisgarh,Balrampur,4593.0,1528.0,69.0,6190.0,6121.0,20113.0,32130.0,52243.0,100.0,0.0,Green (Compliant)
Chhattisgarh,Bastar,4794.0,1808.0,6.0,6608.0,6602.0,27648.0,66736.0,94384.0,100.0,0.0,Green (Compliant)
Chhattisgarh,Bemetara,2458.0,302.0,11.0,2771.0,2760.0,34486.0,77224.0,111710.0,100.0,0.0,Green (Compliant)
Chhattisgarh,Bijapur,3601.0,1761.0,1362.0,6724.0,5362.0,10757.0,17127.0,27884.0,100.0,0.0,Green (Compliant)
Chhattisgarh,Bilaspur,7490.0,1432.0,19.0,8941.0,8922.0,67405.0,127632.0,195037.0,100.0,0.0,Green (Compliant)
Chhattisgarh,Dakshin Bastar Dantewada,1028.0,172.0,24.0,1224.0,1200.0,8064.0,19147.0,27211.0,100.0,0.0,Green (Compliant)
Chhattisgarh,Dantewada,584.0,126.0,0.0,710.0,710.0,5327.0,13601.0,18928.0,100.0,0.0,Green (Compliant)
Chhattisgarh,Dhamtari,1876.0,89.0,3.0,1968.0,1965.0,26826.0,63452.0,90278.0,100.0,0.0,Green (Compliant)
Chhattisgarh,Durg,3528.0,520.0,47.0,4095.0,4048.0,76883.0,102968.0,179851.0,100.0,0.0,Green (Compliant)
Chhattisgarh,Gariyaband,1307.0,229.0,6.0,1542.0,1536.0,16883.0,35205.0,52088.0,100.0,0.0,Green (Compliant)
Chhattisgarh,Gaurela-pendra-marwahi,115.0,20.0,5.0,140.0,135.0,679.0,1610.0,2289.0,100.0,0.0,Green (Compliant)
Chhattisgarh,Gaurella Pendra Marwahi,623.0,290.0,70.0,983.0,913.0,0.0,0.0,0.0,0.0,913.0,Red (Service Desert)
Chhattisgarh,Janjgir - Champa,32.0,1.0,0.0,33.0,33.0,5.0,195.0,200.0,15.151515151515152,28.0,Red (Service Desert)
Chhattisgarh,Janjgir Champa,21.0,4.0,0.0,25.0,25.0,21.0,171.0,192.0,84.0,4.0,Green (Compliant)
Chhattisgarh,Janjgir-champa,4066.0,572.0,1.0,4639.0,4638.0,51955.0,128699.0,180654.0,100.0,0.0,Green (Compliant)
Chhattisgarh,Jashpur,1666.0,875.0,2.0,2543.0,2541.0,30250.0,44353.0,74603.0,100.0,0.0,Green (Compliant)
Chhattisgarh,Kabeerdham,860.0,92.0,3.0,955.0,952.0,16628.0,15889.0,32517.0,100.0,0.0,Green (Compliant)
Chhattisgarh,Kanker,1426.0,277.0,2.0,1705.0,1703.0,19607.0,33602.0,53209.0,100.0,0.0,Green (Compliant)
Chhattisgarh,Kawardha,1884.0,257.0,1.0,2142.0,2141.0,23941.0,36850.0,60791.0,100.0,0.0,Green (Compliant)
Chhattisgarh,Khairagarh Chhuikhadan Gandai,183.0,63.0,0.0,246.0,246.0,132.0,903.0,1035.0,53.65853658536586,114.0,Yellow (Moderate Risk)
Chhattisgarh,Kondagaon,1975.0,1054.0,9.0,3038.0,3029.0,17291.0,40055.0,57346.0,100.0,0.0,Green (Compliant)
Chhattisgarh,Korba,3040.0,489.0,13.0,3542.0,3529.0,32907.0,68967.0,101874.0,100.0,0.0,Green (Compliant)
Chhattisgarh,Koriya,1258.0,504.0,1.0,1763.0,1762.0,19055.0,41842.0,60897.0,100.0,0.0,Green (Compliant)
Chhattisgarh,Mahasamund,2773.0,563.0,25.0,3361.0,3336.0,30360.0,69509.0,99869.0,100.0,0.0,Green (Compliant)
Chhattisgarh,ManendragarhChirmiriBharatpur,0.0,0.0,0.0,0.0,0.0,44.0,268.0,312.0,0.0,0.0,Red (Service Desert)
Chhattisgarh,Manendragarh–Chirmiri–Bharatpur,188.0,106.0,0.0,294.0,294.0,46.0,235.0,281.0,15.646258503401361,248.0,Red (Service Desert)
Chhattisgarh,Mohalla-Manpur-Ambagarh Chowki,10.0,4.0,0.0,14.0,14.0,36.0,31.0,67.0,100.0,0.0,Green (Compliant)
Chhattisgarh,Mohla-Manpur-Ambagarh Chouki,162.0,93.0,4.0,259.0,255.0,1060.0,3535.0,4595.0,100.0,0.0,Green (Compliant)
Chhattisgarh,Mungeli,2600.0,355.0,2.0,2957.0,2955.0,28914.0,53653.0,82567.0,100.0,0.0,Green (Compliant)
Chhattisgarh,Narayanpur,448.0,306.0,8.0,762.0,754.0,7156.0,15017.0,22173.0,100.0,0.0,Green (Compliant)
Chhattisgarh,Raigarh,4294.0,625.0,37.0,4956.0,4919.0,39625.0,135001.0,174626.0,100.0,0.0,Green (Compliant)
Chhattisgarh,Raipur,6205.0,779.0,57.0,7041.0,6984.0,59735.0,132634.0,192369.0,100.0,0.0,Green (Compliant)
Chhattisgarh,Rajnandgaon,3791.0,371.0,23.0,4185.0,4162.0,53657.0,100841.0,154498.0,100.0,0.0,Green (Compliant)
Chhattisgarh,Sakti,373.0,80.0,2.0,455.0,453.0,644.0,3380.0,4024.0,100.0,0.0,Green (Compliant)
Chhattisgarh,Sarangarh-Bilaigarh,159.0,24.0,3.0,186.0,183.0,113.0,930.0,1043.0,61.74863387978142,70.0,Yellow (Moderate Risk)
Chhattisgarh,Sukma,1256.0,804.0,119.0,2179.0,2060.0,13922.0,16217.0,30139.0,100.0,0.0,Green (Compliant)
Chhattisgarh,Surajpur,2250.0,720.0,7.0,2977.0,2970.0,24586.0,47236.0,71822.0,100.0,0.0,Green (Compliant)
Chhattisgarh,Surguja,2866.0,679.0,11.0,3556.0,3545.0,30222.0,52638.0,82860.0,100.0,0.0,Green (Compliant)
Chhattisgarh,Uttar Bastar Kanker,718.0,162.0,8.0,888.0,880.0,7038.0,23263.0,30301.0,100.0,0.0,Green (Compliant)
Dadra & Nagar Haveli,Dadra & Nagar Haveli,22.0,3.0,0.0,25.0,25.0,72.0,481.0,553.0,100.0,0.0,Green (Compliant)
Dadra and Nagar Haveli,Dadra and Nagar Haveli,669.0,71.0,4.0,744.0,740.0,10791.0,16444.0,27235.0,100.0,0.0,Green (Compliant)
Dadra and Nagar Haveli and Daman and Diu,Dadra and Nagar Haveli,70.0,10.0,8.0,88.0,80.0,550.0,1428.0,1978.0,100.0,0.0,Green (Compliant)
Dadra and Nagar Haveli and Daman and Diu,Daman,49.0,5.0,9.0,63.0,54.0,190.0,331.0,521.0,100.0,0.0,Green (Compliant)
Dadra and Nagar Haveli and Daman and Diu,Diu,12.0,6.0,4.0,22.0,18.0,13.0,20.0,33.0,72.22222222222221,5.0,Yellow (Moderate Risk)
Daman & Diu,Daman,8.0,1.0,0.0,9.0,9.0,360.0,1052.0,1412.0,100.0,0.0,Green (Compliant)
Daman & Diu,Diu,12.0,0.0,0.0,12.0,12.0,171.0,602.0,773.0,100.0,0.0,Green (Compliant)
Daman and Diu,Daman,47.0,11.0,0.0,58.0,58.0,2411.0,1622.0,4033.0,100.0,0.0,Green (Compliant)
Daman and Diu,Diu,60.0,2.0,0.0,62.0,62.0,1804.0,926.0,2730.0,100.0,0.0,Green (Compliant)
Delhi,Central Delhi,2761.0,993.0,193.0,3947.0,3754.0,23688.0,30372.0,54060.0,100.0,0.0,Green (Compliant)
Delhi,East Delhi,8055.0,2458.0,223.0,10736.0,10513.0,53829.0,68976.0,122805.0,100.0,0.0,Green (Compliant)
Delhi,Najafgarh,21.0,9.0,0.0,30.0,30.0,51.0,794.0,845.0,100.0,0.0,Green (Compliant)
Delhi,New Delhi,918.0,502.0,217.0,1637.0,1420.0,2501.0,2062.0,4563.0,100.0,0.0,Green (Compliant)
Delhi,North Delhi,3148.0,1230.0,81.0,4459.0,4378.0,25642.0,35188.0,60830.0,100.0,0.0,Green (Compliant)
Delhi,North East,1328.0,408.0,2.0,1738.0,1736.0,2393.0,44227.0,46620.0,100.0,0.0,Green (Compliant)
Delhi,North East   *,2.0,0.0,0.0,2.0,2.0,0.0,0.0,0.0,0.0,2.0,Red (Service Desert)
Delhi,North East Delhi,8299.0,3749.0,65.0,12113.0,12048.0,77278.0,65818.0,143096.0,100.0,0.0,Green (Compliant)
Delhi,North West Delhi,12395.0,3293.0,355.0,16043.0,15688.0,133575.0,191718.0,325293.0,100.0,0.0,Green (Compliant)
Delhi,Shahdara,1121.0,515.0,64.0,1700.0,1636.0,2658.0,5305.0,7963.0,100.0,0.0,Green (Compliant)
Delhi,South Delhi,10138.0,2780.0,477.0,13395.0,12918.0,96661.0,126275.0,222936.0,100.0,0.0,Green (Compliant)
Delhi,South East Delhi,46.0,9.0,5.0,60.0,55.0,239.0,343.0,582.0,100.0,0.0,Green (Compliant)
Delhi,South West Delhi,6951.0,1945.0,359.0,9255.0,8896.0,66558.0,74969.0,141527.0,100.0,0.0,Green (Compliant)
Delhi,West Delhi,14000.0,4405.0,1009.0,19414.0,18405.0,71164.0,102078.0,173242.0,100.0,0.0,Green (Compliant)
Goa,Bardez,2.0,0.0,0.0,2.0,2.0,9.0,31.0,40.0,100.0,0.0,Green (Compliant)
Goa,North Goa,1109.0,146.0,99.0,1354.0,1255.0,18320.0,19451.0,37771.0,100.0,0.0,Green (Compliant)
Goa,South Goa,805.0,108.0,64.0,977.0,913.0,15915.0,14669.0,30584.0,100.0,0.0,Green (Compliant)
Goa,Tiswadi,0.0,0.0,0.0,0.0,0.0,0.0,2.0,2.0,0.0,0.0,Red (Service Desert)
Gujarat,Ahmadabad,4105.0,2322.0,240.0,6667.0,6427.0,958.0,14724.0,15682.0,14.905865878325814,5469.0,Red (Service Desert)
Gujarat,Ahmedabad,12844.0,5679.0,607.0,19130.0,18523.0,165891.0,239599.0,405490.0,100.0,0.0,Green (Compliant)
Gujarat,Amreli,3460.0,587.0,246.0,4293.0,4047.0,33978.0,34536.0,68514.0,100.0,0.0,Green (Compliant)
Gujarat,Anand,5616.0,828.0,536.0,6980.0,6444.0,50966.0,62729.0,113695.0,100.0,0.0,Green (Compliant)
Gujarat,Arvalli,1952.0,322.0,117.0,2391.0,2274.0,19089.0,10580.0,29669.0,100.0,0.0,Green (Compliant)
Gujarat,Banas Kantha,5997.0,6719.0,782.0,13498.0,12716.0,59.0,488.0,547.0,0.46398238439760936,12657.0,Red (Service Desert)
Gujarat,Banaskantha,9944.0,5781.0,1635.0,17360.0,15725.0,74015.0,77742.0,151757.0,100.0,0.0,Green (Compliant)
Gujarat,Bharuch,3745.0,508.0,98.0,4351.0,4253.0,38361.0,38017.0,76378.0,100.0,0.0,Green (Compliant)
Gujarat,Bhavnagar,8420.0,1309.0,445.0,10174.0,9729.0,65784.0,75368.0,141152.0,100.0,0.0,Green (Compliant)
Gujarat,Botad,2302.0,474.0,171.0,2947.0,2776.0,10356.0,5900.0,16256.0,100.0,0.0,Green (Compliant)
Gujarat,Chhotaudepur,2215.0,1303.0,589.0,4107.0,3518.0,18603.0,15199.0,33802.0,100.0,0.0,Green (Compliant)
Gujarat,Dahod,5341.0,3891.0,1277.0,10509.0,9232.0,60236.0,55439.0,115675.0,100.0,0.0,Green (Compliant)
Gujarat,Dang,531.0,179.0,162.0,872.0,710.0,0.0,0.0,0.0,0.0,710.0,Red (Service Desert)
Gujarat,Devbhumi Dwarka,1845.0,422.0,223.0,2490.0,2267.0,17817.0,7647.0,25464.0,100.0,0.0,Green (Compliant)
Gujarat,Dohad,5003.0,7330.0,670.0,13003.0,12333.0,2168.0,13548.0,15716.0,17.578853482526554,10165.0,Red (Service Desert)
Gujarat,Gandhinagar,4075.0,837.0,738.0,5650.0,4912.0,33686.0,42878.0,76564.0,100.0,0.0,Green (Compliant)
Gujarat,Gir Somnath,4375.0,975.0,373.0,5723.0,5350.0,23900.0,12866.0,36766.0,100.0,0.0,Green (Compliant)
Gujarat,Jamnagar,4998.0,799.0,281.0,6078.0,5797.0,40890.0,40212.0,81102.0,100.0,0.0,Green (Compliant)
Gujarat,Junagadh,4876.0,568.0,92.0,5536.0,5444.0,33995.0,68677.0,102672.0,100.0,0.0,Green (Compliant)
Gujarat,Kachchh,6176.0,2605.0,521.0,9302.0,8781.0,67370.0,56591.0,123961.0,100.0,0.0,Green (Compliant)
Gujarat,Kheda,5826.0,1224.0,517.0,7567.0,7050.0,49735.0,67426.0,117161.0,100.0,0.0,Green (Compliant)
Gujarat,Mahesana,5289.0,908.0,293.0,6490.0,6197.0,42954.0,56959.0,99913.0,100.0,0.0,Green (Compliant)
Gujarat,Mahisagar,2036.0,397.0,130.0,2563.0,2433.0,18042.0,12910.0,30952.0,100.0,0.0,Green (Compliant)
Gujarat,Morbi,5548.0,1803.0,653.0,8004.0,7351.0,21440.0,10439.0,31879.0,100.0,0.0,Green (Compliant)
Gujarat,Narmada,1155.0,96.0,29.0,1280.0,1251.0,15333.0,23865.0,39198.0,100.0,0.0,Green (Compliant)
Gujarat,Navsari,2453.0,201.0,103.0,2757.0,2654.0,24168.0,21384.0,45552.0,100.0,0.0,Green (Compliant)
Gujarat,Panch Mahals,858.0,444.0,100.0,1402.0,1302.0,22.0,305.0,327.0,1.6897081413210446,1280.0,Red (Service Desert)
Gujarat,Panchmahals,4828.0,1122.0,329.0,6279.0,5950.0,39189.0,65579.0,104768.0,100.0,0.0,Green (Compliant)
Gujarat,Patan,6023.0,2228.0,716.0,8967.0,8251.0,35135.0,38814.0,73949.0,100.0,0.0,Green (Compliant)
Gujarat,Porbandar,2006.0,332.0,181.0,2519.0,2338.0,14257.0,16728.0,30985.0,100.0,0.0,Green (Compliant)
Gujarat,Rajkot,12419.0,3732.0,919.0,17070.0,16151.0,79522.0,89189.0,168711.0,100.0,0.0,Green (Compliant)
Gujarat,Sabar Kantha,1083.0,1197.0,157.0,2437.0,2280.0,59.0,558.0,617.0,2.5877192982456143,2221.0,Red (Service Desert)
Gujarat,Sabarkantha,3603.0,1173.0,339.0,5115.0,4776.0,37100.0,53287.0,90387.0,100.0,0.0,Green (Compliant)
Gujarat,Surat,18412.0,6399.0,658.0,25469.0,24811.0,138828.0,142771.0,281599.0,100.0,0.0,Green (Compliant)
Gujarat,Surendra Nagar,4853.0,1665.0,337.0,6855.0,6518.0,44699.0,51012.0,95711.0,100.0,0.0,Green (Compliant)
Gujarat,Surendranagar,771.0,593.0,78.0,1442.0,1364.0,46.0,481.0,527.0,3.3724340175953076,1318.0,Red (Service Desert)
Gujarat,Tapi,1856.0,205.0,151.0,2212.0,2061.0,16731.0,23294.0,40025.0,100.0,0.0,Green (Compliant)
Gujarat,The Dangs,1068.0,186.0,74.0,1328.0,1254.0,12787.0,15163.0,27950.0,100.0,0.0,Green (Compliant)
Gujarat,Vadodara,9306.0,2433.0,545.0,12284.0,11739.0,72719.0,128698.0,201417.0,100.0,0.0,Green (Compliant)
Gujarat,Valsad,5818.0,1406.0,224.0,7448.0,7224.0,39767.0,44257.0,84024.0,100.0,0.0,Green (Compliant)
Haryana,Akhera,0.0,0.0,0.0,0.0,0.0,0.0,1.0,1.0,0.0,0.0,Red (Service Desert)
Haryana,Ambala,3063.0,122.0,33.0,3218.0,3185.0,26591.0,46165.0,72756.0,100.0,0.0,Green (Compliant)
Haryana,Bhiwani,3321.0,152.0,16.0,3489.0,3473.0,37865.0,57760.0,95625.0,100.0,0.0,Green (Compliant)
Haryana,Charkhi Dadri,839.0,19.0,0.0,858.0,858.0,3023.0,6765.0,9788.0,100.0,0.0,Green (Compliant)
Haryana,Faridabad,12607.0,3225.0,323.0,16155.0,15832.0,58976.0,59975.0,118951.0,100.0,0.0,Green (Compliant)
Haryana,Fatehabad,2510.0,92.0,10.0,2612.0,2602.0,29864.0,39930.0,69794.0,100.0,0.0,Green (Compliant)
Haryana,Gurgaon,5417.0,1247.0,197.0,6861.0,6664.0,35245.0,35546.0,70791.0,100.0,0.0,Green (Compliant)
Haryana,Gurugram,1804.0,625.0,207.0,2636.0,2429.0,0.0,0.0,0.0,0.0,2429.0,Red (Service Desert)
Haryana,Hisar,4927.0,289.0,18.0,5234.0,5216.0,53323.0,62544.0,115867.0,100.0,0.0,Green (Compliant)
Haryana,Jhajjar,2515.0,99.0,10.0,2624.0,2614.0,24917.0,31722.0,56639.0,100.0,0.0,Green (Compliant)
Haryana,Jhajjar *,0.0,1.0,0.0,1.0,1.0,0.0,0.0,0.0,0.0,1.0,Red (Service Desert)
Haryana,Jind,3729.0,92.0,0.0,3821.0,3821.0,34877.0,56391.0,91268.0,100.0,0.0,Green (Compliant)
Haryana,Kaithal,2894.0,85.0,12.0,2991.0,2979.0,34402.0,45534.0,79936.0,100.0,0.0,Green (Compliant)
Haryana,Karnal,3861.0,179.0,8.0,4048.0,4040.0,32424.0,61595.0,94019.0,100.0,0.0,Green (Compliant)
Haryana,Kurukshetra,2315.0,78.0,11.0,2404.0,2393.0,23358.0,46634.0,69992.0,100.0,0.0,Green (Compliant)
Haryana,Mahendragarh,2575.0,155.0,24.0,2754.0,2730.0,20501.0,28331.0,48832.0,100.0,0.0,Green (Compliant)
Haryana,Mewat,6989.0,550.0,19.0,7558.0,7539.0,38268.0,30057.0,68325.0,100.0,0.0,Green (Compliant)
Haryana,Nuh,1251.0,213.0,42.0,1506.0,1464.0,0.0,0.0,0.0,0.0,1464.0,Red (Service Desert)
Haryana,Palwal,4367.0,332.0,4.0,4703.0,4699.0,30617.0,28080.0,58697.0,100.0,0.0,Green (Compliant)
Haryana,Panchkula,1287.0,92.0,5.0,1384.0,1379.0,18303.0,19066.0,37369.0,100.0,0.0,Green (Compliant)
Haryana,Panipat,5498.0,543.0,47.0,6088.0,6041.0,31426.0,48347.0,79773.0,100.0,0.0,Green (Compliant)
Haryana,Rewari,2329.0,150.0,6.0,2485.0,2479.0,24987.0,24745.0,49732.0,100.0,0.0,Green (Compliant)
Haryana,Rohtak,3161.0,191.0,61.0,3413.0,3352.0,25700.0,50270.0,75970.0,100.0,0.0,Green (Compliant)
Haryana,Sirsa,3135.0,198.0,2.0,3335.0,3333.0,40642.0,56424.0,97066.0,100.0,0.0,Green (Compliant)
Haryana,Sonipat,4314.0,268.0,37.0,4619.0,4582.0,34624.0,50029.0,84653.0,100.0,0.0,Green (Compliant)
Haryana,Yamuna Nagar,3278.0,110.0,8.0,3396.0,3388.0,33592.0,55136.0,88728.0,100.0,0.0,Green (Compliant)
Haryana,Yamunanagar,56.0,3.0,0.0,59.0,59.0,142.0,740.0,882.0,100.0,0.0,Green (Compliant)
Himachal Pradesh,Bilaspur,985.0,14.0,0.0,999.0,999.0,9673.0,12233.0,21906.0,100.0,0.0,Green (Compliant)
Himachal Pradesh,Chamba,1586.0,64.0,7.0,1657.0,1650.0,16275.0,17567.0,33842.0,100.0,0.0,Green (Compliant)
Himachal Pradesh,Hamirpur,1181.0,16.0,1.0,1198.0,1197.0,11206.0,12613.0,23819.0,100.0,0.0,Green (Compliant)
Himachal Pradesh,Kangra,3869.0,75.0,22.0,3966.0,3944.0,44703.0,45210.0,89913.0,100.0,0.0,Green (Compliant)
Himachal Pradesh,Kinnaur,137.0,21.0,5.0,163.0,158.0,2221.0,2246.0,4467.0,100.0,0.0,Green (Compliant)
Himachal Pradesh,Kullu,1022.0,111.0,106.0,1239.0,1133.0,11409.0,9839.0,21248.0,100.0,0.0,Green (Compliant)
Himachal Pradesh,Lahaul and Spiti,3.0,0.0,0.0,3.0,3.0,15.0,32.0,47.0,100.0,0.0,Green (Compliant)
Himachal Pradesh,Lahul & Spiti,36.0,2.0,0.0,38.0,38.0,110.0,485.0,595.0,100.0,0.0,Green (Compliant)
Himachal Pradesh,Lahul and Spiti,31.0,1.0,0.0,32.0,32.0,557.0,208.0,765.0,100.0,0.0,Green (Compliant)
Himachal Pradesh,Mandi,2460.0,43.0,11.0,2514.0,2503.0,28869.0,34465.0,63334.0,100.0,0.0,Green (Compliant)
Himachal Pradesh,Shimla,1488.0,161.0,21.0,1670.0,1649.0,19863.0,19864.0,39727.0,100.0,0.0,Green (Compliant)
Himachal Pradesh,Sirmaur,1510.0,67.0,7.0,1584.0,1577.0,15275.0,16178.0,31453.0,100.0,0.0,Green (Compliant)
Himachal Pradesh,Solan,1105.0,65.0,6.0,1176.0,1170.0,16252.0,17317.0,33569.0,100.0,0.0,Green (Compliant)
Himachal Pradesh,Una,1226.0,21.0,0.0,1247.0,1247.0,15138.0,16411.0,31549.0,100.0,0.0,Green (Compliant)
Jammu & Kashmir,Anantnag,3.0,1.0,0.0,4.0,4.0,5.0,2.0,7.0,100.0,0.0,Green (Compliant)
Jammu & Kashmir,Badgam,0.0,2.0,0.0,2.0,2.0,5.0,5.0,10.0,100.0,0.0,Green (Compliant)
Jammu & Kashmir,Bandipur,2.0,0.0,0.0,2.0,2.0,0.0,1.0,1.0,0.0,2.0,Red (Service Desert)
Jammu & Kashmir,Baramula,43.0,4.0,0.0,47.0,47.0,28.0,41.0,69.0,59.57446808510638,19.0,Yellow (Moderate Risk)
Jammu & Kashmir,Doda,2.0,0.0,0.0,2.0,2.0,2.0,2.0,4.0,100.0,0.0,Green (Compliant)
Jammu & Kashmir,Jammu,52.0,10.0,0.0,62.0,62.0,33.0,199.0,232.0,53.2258064516129,29.0,Yellow (Moderate Risk)
Jammu & Kashmir,Kargil,2.0,2.0,0.0,4.0,4.0,0.0,2.0,2.0,0.0,4.0,Red (Service Desert)
Jammu & Kashmir,Kathua,8.0,0.0,0.0,8.0,8.0,25.0,22.0,47.0,100.0,0.0,Green (Compliant)
Jammu & Kashmir,Kupwara,8.0,1.0,0.0,9.0,9.0,0.0,3.0,3.0,0.0,9.0,Red (Service Desert)
Jammu & Kashmir,Leh (ladakh),3.0,0.0,0.0,3.0,3.0,9.0,2.0,11.0,100.0,0.0,Green (Compliant)
Jammu & Kashmir,Pulwama,4.0,0.0,0.0,4.0,4.0,1.0,1.0,2.0,25.0,3.0,Red (Service Desert)
Jammu & Kashmir,Punch,1.0,0.0,0.0,1.0,1.0,1.0,4.0,5.0,100.0,0.0,Green (Compliant)
Jammu & Kashmir,Rajauri,1.0,1.0,0.0,2.0,2.0,2.0,10.0,12.0,100.0,0.0,Green (Compliant)
Jammu & Kashmir,Srinagar,2.0,1.0,0.0,3.0,3.0,3.0,13.0,16.0,100.0,0.0,Green (Compliant)
Jammu & Kashmir,Udhampur,2.0,0.0,0.0,2.0,2.0,0.0,8.0,8.0,0.0,2.0,Red (Service Desert)
Jammu And Kashmir,Doda,261.0,260.0,17.0,538.0,521.0,0.0,0.0,0.0,0.0,521.0,Red (Service Desert)
Jammu And Kashmir,Shopian,308.0,84.0,20.0,412.0,392.0,0.0,0.0,0.0,0.0,392.0,Red (Service Desert)
Jammu and Kashmir,?,0.0,0.0,0.0,0.0,0.0,0.0,1.0,1.0,0.0,0.0,Red (Service Desert)
Jammu and Kashmir,Anantnag,2975.0,340.0,35.0,3350.0,3315.0,26943.0,20619.0,47562.0,100.0,0.0,Green (Compliant)
Jammu and Kashmir,Badgam,1674.0,190.0,1.0,1865.0,1864.0,4697.0,9434.0,14131.0,100.0,0.0,Green (Compliant)
Jammu and Kashmir,Bandipore,1288.0,308.0,43.0,1639.0,1596.0,10653.0,9720.0,20373.0,100.0,0.0,Green (Compliant)
Jammu and Kashmir,Baramula,3155.0,528.0,64.0,3747.0,3683.0,28508.0,33358.0,61866.0,100.0,0.0,Green (Compliant)
Jammu and Kashmir,Budgam,793.0,51.0,15.0,859.0,844.0,18502.0,4609.0,23111.0,100.0,0.0,Green (Compliant)
Jammu and Kashmir,Doda,3186.0,763.0,15.0,3964.0,3949.0,19427.0,17348.0,36775.0,100.0,0.0,Green (Compliant)
Jammu and Kashmir,Ganderbal,773.0,59.0,11.0,843.0,832.0,7268.0,6428.0,13696.0,100.0,0.0,Green (Compliant)
Jammu and Kashmir,Jammu,3697.0,825.0,36.0,4558.0,4522.0,45866.0,52701.0,98567.0,100.0,0.0,Green (Compliant)
Jammu and Kashmir,Kargil,386.0,139.0,1.0,526.0,525.0,1848.0,1073.0,2921.0,100.0,0.0,Green (Compliant)
Jammu and Kashmir,Kathua,2635.0,310.0,9.0,2954.0,2945.0,23058.0,17058.0,40116.0,100.0,0.0,Green (Compliant)
Jammu and Kashmir,Kishtwar,1058.0,205.0,6.0,1269.0,1263.0,10878.0,10042.0,20920.0,100.0,0.0,Green (Compliant)
Jammu and Kashmir,Kulgam,970.0,232.0,9.0,1211.0,1202.0,14367.0,11377.0,25744.0,100.0,0.0,Green (Compliant)
Jammu and Kashmir,Kupwara,2392.0,443.0,40.0,2875.0,2835.0,24776.0,24981.0,49757.0,100.0,0.0,Green (Compliant)
Jammu and Kashmir,Leh,163.0,42.0,1.0,206.0,205.0,1641.0,923.0,2564.0,100.0,0.0,Green (Compliant)
Jammu and Kashmir,Poonch,0.0,0.0,0.0,0.0,0.0,1.0,0.0,1.0,0.0,0.0,Red (Service Desert)
Jammu and Kashmir,Pulwama,1738.0,118.0,15.0,1871.0,1856.0,20582.0,12248.0,32830.0,100.0,0.0,Green (Compliant)
Jammu and Kashmir,Punch,2063.0,548.0,17.0,2628.0,2611.0,25883.0,20487.0,46370.0,100.0,0.0,Green (Compliant)
Jammu and Kashmir,Rajouri,2071.0,594.0,9.0,2674.0,2665.0,29902.0,25834.0,55736.0,100.0,0.0,Green (Compliant)
Jammu and Kashmir,Ramban,1317.0,597.0,6.0,1920.0,1914.0,21848.0,8029.0,29877.0,100.0,0.0,Green (Compliant)
Jammu and Kashmir,Reasi,1136.0,570.0,9.0,1715.0,1706.0,12538.0,10702.0,23240.0,100.0,0.0,Green (Compliant)
Jammu and Kashmir,Samba,532.0,47.0,9.0,588.0,579.0,6837.0,4388.0,11225.0,100.0,0.0,Green (Compliant)
Jammu and Kashmir,Shupiyan,537.0,128.0,1.0,666.0,665.0,9253.0,6276.0,15529.0,100.0,0.0,Green (Compliant)
Jammu and Kashmir,Srinagar,2851.0,270.0,135.0,3256.0,3121.0,32589.0,40239.0,72828.0,100.0,0.0,Green (Compliant)
Jammu and Kashmir,Udhampur,2446.0,349.0,11.0,2806.0,2795.0,22370.0,23107.0,45477.0,100.0,0.0,Green (Compliant)
Jammu and Kashmir,punch,1.0,0.0,0.0,1.0,1.0,0.0,0.0,0.0,0.0,1.0,Red (Service Desert)
Jammu and Kashmir,udhampur,0.0,0.0,0.0,0.0,0.0,0.0,1.0,1.0,0.0,0.0,Red (Service Desert)
Jharkhand,Bokaro,3505.0,2278.0,17.0,5800.0,5783.0,45931.0,62498.0,108429.0,100.0,0.0,Green (Compliant)
Jharkhand,Bokaro *,2.0,0.0,0.0,2.0,2.0,1.0,2.0,3.0,50.0,1.0,Yellow (Moderate Risk)
Jharkhand,Chatra,3448.0,2819.0,35.0,6302.0,6267.0,32491.0,35201.0,67692.0,100.0,0.0,Green (Compliant)
Jharkhand,Deoghar,4518.0,3679.0,127.0,8324.0,8197.0,33194.0,34232.0,67426.0,100.0,0.0,Green (Compliant)
Jharkhand,Dhanbad,6878.0,4061.0,92.0,11031.0,10939.0,52546.0,98523.0,151069.0,100.0,0.0,Green (Compliant)
Jharkhand,Dumka,2743.0,2996.0,86.0,5825.0,5739.0,36526.0,39686.0,76212.0,100.0,0.0,Green (Compliant)
Jharkhand,East Singhbhum,5983.0,2109.0,99.0,8191.0,8092.0,59424.0,76682.0,136106.0,100.0,0.0,Green (Compliant)
Jharkhand,East Singhbum,848.0,546.0,53.0,1447.0,1394.0,0.0,0.0,0.0,0.0,1394.0,Red (Service Desert)
Jharkhand,Garhwa,4523.0,1535.0,15.0,6073.0,6058.0,41415.0,58043.0,99458.0,100.0,0.0,Green (Compliant)
Jharkhand,Garhwa *,314.0,67.0,0.0,381.0,381.0,535.0,5049.0,5584.0,100.0,0.0,Green (Compliant)
Jharkhand,Giridih,7695.0,6526.0,82.0,14303.0,14221.0,53614.0,56796.0,110410.0,100.0,0.0,Green (Compliant)
Jharkhand,Godda,3238.0,2135.0,17.0,5390.0,5373.0,44532.0,36402.0,80934.0,100.0,0.0,Green (Compliant)
Jharkhand,Gumla,4083.0,2524.0,94.0,6701.0,6607.0,33578.0,54300.0,87878.0,100.0,0.0,Green (Compliant)
Jharkhand,Hazaribag,358.0,208.0,0.0,566.0,566.0,1605.0,6129.0,7734.0,100.0,0.0,Green (Compliant)
Jharkhand,Hazaribagh,4125.0,2048.0,31.0,6204.0,6173.0,38357.0,36575.0,74932.0,100.0,0.0,Green (Compliant)
Jharkhand,Jamtara,3160.0,1274.0,16.0,4450.0,4434.0,17787.0,21854.0,39641.0,100.0,0.0,Green (Compliant)
Jharkhand,Khunti,1426.0,1173.0,45.0,2644.0,2599.0,15296.0,27659.0,42955.0,100.0,0.0,Green (Compliant)
Jharkhand,Kodarma,184.0,126.0,0.0,310.0,310.0,1247.0,3651.0,4898.0,100.0,0.0,Green (Compliant)
Jharkhand,Koderma,2096.0,1114.0,12.0,3222.0,3210.0,17953.0,20190.0,38143.0,100.0,0.0,Green (Compliant)
Jharkhand,Latehar,1675.0,923.0,11.0,2609.0,2598.0,22149.0,21314.0,43463.0,100.0,0.0,Green (Compliant)
Jharkhand,Lohardaga,1984.0,919.0,56.0,2959.0,2903.0,13862.0,25334.0,39196.0,100.0,0.0,Green (Compliant)
Jharkhand,Pakaur,197.0,100.0,0.0,297.0,297.0,1049.0,1435.0,2484.0,100.0,0.0,Green (Compliant)
Jharkhand,Pakur,3971.0,2908.0,45.0,6924.0,6879.0,21113.0,16174.0,37287.0,100.0,0.0,Green (Compliant)
Jharkhand,Palamau,220.0,66.0,0.0,286.0,286.0,496.0,2138.0,2634.0,100.0,0.0,Green (Compliant)
Jharkhand,Palamu,6548.0,1994.0,64.0,8606.0,8542.0,57189.0,55852.0,113041.0,100.0,0.0,Green (Compliant)
Jharkhand,Pashchimi Singhbhum,346.0,252.0,1.0,599.0,598.0,3615.0,10496.0,14111.0,100.0,0.0,Green (Compliant)
Jharkhand,Purbi Singhbhum,814.0,172.0,0.0,986.0,986.0,3984.0,16575.0,20559.0,100.0,0.0,Green (Compliant)
Jharkhand,Ramgarh,1902.0,1066.0,11.0,2979.0,2968.0,17337.0,19900.0,37237.0,100.0,0.0,Green (Compliant)
Jharkhand,Ranchi,9318.0,4613.0,334.0,14265.0,13931.0,61673.0,116101.0,177774.0,100.0,0.0,Green (Compliant)
Jharkhand,Sahebganj,3636.0,2670.0,15.0,6321.0,6306.0,36759.0,27666.0,64425.0,100.0,0.0,Green (Compliant)
Jharkhand,Sahibganj,187.0,178.0,0.0,365.0,365.0,654.0,1443.0,2097.0,100.0,0.0,Green (Compliant)
Jharkhand,Seraikela-Kharsawan,2398.0,961.0,30.0,3389.0,3359.0,29138.0,35036.0,64174.0,100.0,0.0,Green (Compliant)
Jharkhand,Seraikela-kharsawan,545.0,316.0,0.0,861.0,861.0,2760.0,11654.0,14414.0,100.0,0.0,Green (Compliant)
Jharkhand,Simdega,1472.0,594.0,13.0,2079.0,2066.0,20497.0,42214.0,62711.0,100.0,0.0,Green (Compliant)
Jharkhand,West Singhbhum,4211.0,2589.0,48.0,6848.0,6800.0,58306.0,72880.0,131186.0,100.0,0.0,Green (Compliant)
Karnataka,Bagalkot,6158.0,900.0,84.0,7142.0,7058.0,39884.0,37250.0,77134.0,100.0,0.0,Green (Compliant)
Karnataka,Bagalkot *,218.0,31.0,0.0,249.0,249.0,439.0,1286.0,1725.0,100.0,0.0,Green (Compliant)
Karnataka,Ballari,2450.0,267.0,64.0,2781.0,2717.0,25151.0,12209.0,37360.0,100.0,0.0,Green (Compliant)
Karnataka,Bangalore,5776.0,1236.0,4.0,7016.0,7012.0,51767.0,147212.0,198979.0,100.0,0.0,Green (Compliant)
Karnataka,Bangalore Rural,2251.0,267.0,126.0,2644.0,2518.0,18760.0,19275.0,38035.0,100.0,0.0,Green (Compliant)
Karnataka,Belagavi,7063.0,622.0,120.0,7805.0,7685.0,52855.0,26146.0,79001.0,100.0,0.0,Green (Compliant)
Karnataka,Belgaum,5861.0,880.0,2.0,6743.0,6741.0,44316.0,66753.0,111069.0,100.0,0.0,Green (Compliant)
Karnataka,Bellary,3623.0,596.0,1.0,4220.0,4219.0,29044.0,39203.0,68247.0,100.0,0.0,Green (Compliant)
Karnataka,Bengaluru,20441.0,6732.0,3807.0,30980.0,27173.0,144086.0,152989.0,297075.0,100.0,0.0,Green (Compliant)
Karnataka,Bengaluru Rural,1439.0,730.0,621.0,2790.0,2169.0,5.0,5.0,10.0,0.23052097740894423,2164.0,Red (Service Desert)
Karnataka,Bengaluru South,15.0,183.0,5.0,203.0,198.0,23.0,123.0,146.0,11.616161616161616,175.0,Red (Service Desert)
Karnataka,Bengaluru Urban,12111.0,7167.0,3796.0,23074.0,19278.0,0.0,0.0,0.0,0.0,19278.0,Red (Service Desert)
Karnataka,Bidar,3960.0,896.0,64.0,4920.0,4856.0,38406.0,41302.0,79708.0,100.0,0.0,Green (Compliant)
Karnataka,Bijapur,3296.0,930.0,5.0,4231.0,4226.0,20574.0,34536.0,55110.0,100.0,0.0,Green (Compliant)
Karnataka,Bijapur(KAR),3.0,0.0,0.0,3.0,3.0,3.0,10.0,13.0,100.0,0.0,Green (Compliant)
Karnataka,Chamarajanagar,232.0,17.0,0.0,249.0,249.0,445.0,1400.0,1845.0,100.0,0.0,Green (Compliant)
Karnataka,Chamarajanagar *,23.0,0.0,0.0,23.0,23.0,16.0,46.0,62.0,69.56521739130434,7.0,Yellow (Moderate Risk)
Karnataka,Chamrajanagar,1988.0,216.0,23.0,2227.0,2204.0,15916.0,13049.0,28965.0,100.0,0.0,Green (Compliant)
Karnataka,Chamrajnagar,356.0,24.0,0.0,380.0,380.0,603.0,1649.0,2252.0,100.0,0.0,Green (Compliant)
Karnataka,Chickmagalur,1129.0,102.0,0.0,1231.0,1231.0,6808.0,15111.0,21919.0,100.0,0.0,Green (Compliant)
Karnataka,Chikkaballapur,2842.0,296.0,14.0,3152.0,3138.0,21218.0,20715.0,41933.0,100.0,0.0,Green (Compliant)
Karnataka,Chikkamagaluru,1018.0,95.0,38.0,1151.0,1113.0,9401.0,5775.0,15176.0,100.0,0.0,Green (Compliant)
Karnataka,Chikmagalur,145.0,9.0,0.0,154.0,154.0,201.0,1184.0,1385.0,100.0,0.0,Green (Compliant)
Karnataka,Chitradurga,4042.0,326.0,45.0,4413.0,4368.0,29756.0,31471.0,61227.0,100.0,0.0,Green (Compliant)
Karnataka,Dakshina Kannada,5896.0,530.0,79.0,6505.0,6426.0,38932.0,39119.0,78051.0,100.0,0.0,Green (Compliant)
Karnataka,Davanagere,437.0,46.0,0.0,483.0,483.0,806.0,5445.0,6251.0,100.0,0.0,Green (Compliant)
Karnataka,Davangere,4416.0,352.0,45.0,4813.0,4768.0,39870.0,49562.0,89432.0,100.0,0.0,Green (Compliant)
Karnataka,Dharwad,4733.0,351.0,19.0,5103.0,5084.0,41268.0,46553.0,87821.0,100.0,0.0,Green (Compliant)
Karnataka,Gadag,4088.0,349.0,20.0,4457.0,4437.0,22744.0,17981.0,40725.0,100.0,0.0,Green (Compliant)
Karnataka,Gadag *,135.0,10.0,0.0,145.0,145.0,383.0,957.0,1340.0,100.0,0.0,Green (Compliant)
Karnataka,Gulbarga,3650.0,703.0,3.0,4356.0,4353.0,21236.0,43229.0,64465.0,100.0,0.0,Green (Compliant)
Karnataka,Hasan,944.0,49.0,0.0,993.0,993.0,2167.0,7515.0,9682.0,100.0,0.0,Green (Compliant)
Karnataka,Hassan,2333.0,142.0,19.0,2494.0,2475.0,27002.0,20010.0,47012.0,100.0,0.0,Green (Compliant)
Karnataka,Haveri,3917.0,266.0,59.0,4242.0,4183.0,34207.0,34121.0,68328.0,100.0,0.0,Green (Compliant)
Karnataka,Haveri *,111.0,6.0,0.0,117.0,117.0,333.0,1084.0,1417.0,100.0,0.0,Green (Compliant)
Karnataka,Kalaburagi,4096.0,602.0,84.0,4782.0,4698.0,45175.0,24962.0,70137.0,100.0,0.0,Green (Compliant)
Karnataka,Kodagu,1095.0,75.0,41.0,1211.0,1170.0,8269.0,9036.0,17305.0,100.0,0.0,Green (Compliant)
Karnataka,Kolar,3841.0,314.0,31.0,4186.0,4155.0,31388.0,32895.0,64283.0,100.0,0.0,Green (Compliant)
Karnataka,Koppal,4752.0,650.0,49.0,5451.0,5402.0,31753.0,28059.0,59812.0,100.0,0.0,Green (Compliant)
Karnataka,Mandya,3401.0,150.0,43.0,3594.0,3551.0,31387.0,34392.0,65779.0,100.0,0.0,Green (Compliant)
Karnataka,Mysore,2857.0,214.0,2.0,3073.0,3071.0,17825.0,36693.0,54518.0,100.0,0.0,Green (Compliant)
Karnataka,Mysuru,3650.0,463.0,248.0,4361.0,4113.0,32289.0,22300.0,54589.0,100.0,0.0,Green (Compliant)
Karnataka,Raichur,7619.0,2056.0,104.0,9779.0,9675.0,53880.0,56997.0,110877.0,100.0,0.0,Green (Compliant)
Karnataka,Ramanagar,2559.0,379.0,11.0,2949.0,2938.0,20055.0,20867.0,40922.0,100.0,0.0,Green (Compliant)
Karnataka,Ramanagara,168.0,24.0,12.0,204.0,192.0,0.0,0.0,0.0,0.0,192.0,Red (Service Desert)
Karnataka,Shimoga,2111.0,149.0,0.0,2260.0,2260.0,7443.0,19406.0,26849.0,100.0,0.0,Green (Compliant)
Karnataka,Shivamogga,2004.0,182.0,43.0,2229.0,2186.0,21668.0,11986.0,33654.0,100.0,0.0,Green (Compliant)
Karnataka,Tumakuru,2792.0,161.0,47.0,3000.0,2953.0,26620.0,16941.0,43561.0,100.0,0.0,Green (Compliant)
Karnataka,Tumkur,2754.0,188.0,0.0,2942.0,2942.0,20241.0,44520.0,64761.0,100.0,0.0,Green (Compliant)
Karnataka,Udupi,3338.0,210.0,43.0,3591.0,3548.0,20128.0,14497.0,34625.0,100.0,0.0,Green (Compliant)
Karnataka,Udupi *,2.0,0.0,0.0,2.0,2.0,2.0,1.0,3.0,100.0,0.0,Green (Compliant)
Karnataka,Uttara Kannada,3219.0,221.0,30.0,3470.0,3440.0,23598.0,19558.0,43156.0,100.0,0.0,Green (Compliant)
Karnataka,Vijayanagara,1822.0,241.0,56.0,2119.0,2063.0,5607.0,14341.0,19948.0,100.0,0.0,Green (Compliant)
Karnataka,Vijayapura,4662.0,842.0,92.0,5596.0,5504.0,35601.0,17491.0,53092.0,100.0,0.0,Green (Compliant)
Karnataka,Yadgir,4847.0,1300.0,111.0,6258.0,6147.0,32589.0,28313.0,60902.0,100.0,0.0,Green (Compliant)
Karnataka,yadgir,573.0,116.0,0.0,689.0,689.0,856.0,3425.0,4281.0,100.0,0.0,Green (Compliant)
Kerala,Alappuzha,2536.0,892.0,131.0,3559.0,3428.0,34603.0,53026.0,87629.0,100.0,0.0,Green (Compliant)
Kerala,Ernakulam,4185.0,1807.0,332.0,6324.0,5992.0,61215.0,87540.0,148755.0,100.0,0.0,Green (Compliant)
Kerala,Idukki,1399.0,271.0,28.0,1698.0,1670.0,19715.0,28218.0,47933.0,100.0,0.0,Green (Compliant)
Kerala,Kannur,4013.0,1722.0,230.0,5965.0,5735.0,49177.0,70222.0,119399.0,100.0,0.0,Green (Compliant)
Kerala,Kasaragod,2695.0,798.0,62.0,3555.0,3493.0,36306.0,35450.0,71756.0,100.0,0.0,Green (Compliant)
Kerala,Kasargod,251.0,64.0,0.0,315.0,315.0,211.0,1927.0,2138.0,66.98412698412697,104.0,Yellow (Moderate Risk)
Kerala,Kollam,3814.0,1042.0,213.0,5069.0,4856.0,50033.0,77278.0,127311.0,100.0,0.0,Green (Compliant)
Kerala,Kottayam,2465.0,804.0,52.0,3321.0,3269.0,30704.0,47511.0,78215.0,100.0,0.0,Green (Compliant)
Kerala,Kozhikode,4587.0,1914.0,203.0,6704.0,6501.0,61123.0,91063.0,152186.0,100.0,0.0,Green (Compliant)
Kerala,Malappuram,10205.0,4116.0,246.0,14567.0,14321.0,96696.0,127313.0,224009.0,100.0,0.0,Green (Compliant)
Kerala,Palakkad,5174.0,1381.0,169.0,6724.0,6555.0,61028.0,98819.0,159847.0,100.0,0.0,Green (Compliant)
Kerala,Pathanamthitta,1398.0,480.0,73.0,1951.0,1878.0,20056.0,39314.0,59370.0,100.0,0.0,Green (Compliant)
Kerala,Thiruvananthapuram,4836.0,1394.0,433.0,6663.0,6230.0,55721.0,93096.0,148817.0,100.0,0.0,Green (Compliant)
Kerala,Thrissur,4914.0,1672.0,485.0,7071.0,6586.0,58766.0,86746.0,145512.0,100.0,0.0,Green (Compliant)
Kerala,Wayanad,1265.0,233.0,18.0,1516.0,1498.0,12585.0,24268.0,36853.0,100.0,0.0,Green (Compliant)
Ladakh,Kargil,365.0,120.0,7.0,492.0,485.0,1711.0,1231.0,2942.0,100.0,0.0,Green (Compliant)
Ladakh,Leh,101.0,13.0,11.0,125.0,114.0,1098.0,1723.0,2821.0,100.0,0.0,Green (Compliant)
Lakshadweep,Lakshadweep,192.0,10.0,1.0,203.0,202.0,2226.0,2594.0,4820.0,100.0,0.0,Green (Compliant)
Madhya Pradesh,Agar Malwa,2087.0,421.0,29.0,2537.0,2508.0,5721.0,11092.0,16813.0,100.0,0.0,Green (Compliant)
Madhya Pradesh,Alirajpur,3251.0,3390.0,369.0,7010.0,6641.0,33490.0,28643.0,62133.0,100.0,0.0,Green (Compliant)
Madhya Pradesh,Anuppur,2864.0,349.0,13.0,3226.0,3213.0,31994.0,39356.0,71350.0,100.0,0.0,Green (Compliant)
Madhya Pradesh,Ashok Nagar,3726.0,1285.0,167.0,5178.0,5011.0,44837.0,29539.0,74376.0,100.0,0.0,Green (Compliant)
Madhya Pradesh,Ashoknagar,1594.0,1323.0,94.0,3011.0,2917.0,0.0,0.0,0.0,0.0,2917.0,Red (Service Desert)
Madhya Pradesh,Balaghat,6237.0,540.0,28.0,6805.0,6777.0,72713.0,54049.0,126762.0,100.0,0.0,Green (Compliant)
Madhya Pradesh,Barwani,12801.0,8355.0,667.0,21823.0,21156.0,78193.0,65234.0,143427.0,100.0,0.0,Green (Compliant)
Madhya Pradesh,Betul,6829.0,1207.0,130.0,8166.0,8036.0,69579.0,86243.0,155822.0,100.0,0.0,Green (Compliant)
Madhya Pradesh,Bhind,8483.0,4845.0,639.0,13967.0,13328.0,51439.0,31926.0,83365.0,100.0,0.0,Green (Compliant)
Madhya Pradesh,Bhopal,11256.0,1452.0,154.0,12862.0,12708.0,89809.0,96629.0,186438.0,100.0,0.0,Green (Compliant)
Madhya Pradesh,Burhanpur,6542.0,2759.0,388.0,9689.0,9301.0,33915.0,40226.0,74141.0,100.0,0.0,Green (Compliant)
Madhya Pradesh,Chhatarpur,11504.0,5965.0,367.0,17836.0,17469.0,89515.0,69016.0,158531.0,100.0,0.0,Green (Compliant)
Madhya Pradesh,Chhindwara,8308.0,625.0,48.0,8981.0,8933.0,63350.0,76841.0,140191.0,100.0,0.0,Green (Compliant)
Madhya Pradesh,Damoh,5081.0,938.0,47.0,6066.0,6019.0,74879.0,59604.0,134483.0,100.0,0.0,Green (Compliant)
Madhya Pradesh,Datia,3995.0,1805.0,43.0,5843.0,5800.0,27648.0,19386.0,47034.0,100.0,0.0,Green (Compliant)
Madhya Pradesh,Dewas,8393.0,1958.0,91.0,10442.0,10351.0,56452.0,63449.0,119901.0,100.0,0.0,Green (Compliant)
Madhya Pradesh,Dhar,8734.0,3553.0,425.0,12712.0,12287.0,77936.0,68455.0,146391.0,100.0,0.0,Green (Compliant)
Madhya Pradesh,Dindori,2409.0,249.0,1.0,2659.0,2658.0,33514.0,27962.0,61476.0,100.0,0.0,Green (Compliant)
Madhya Pradesh,East Nimar,2338.0,1500.0,21.0,3859.0,3838.0,10364.0,29999.0,40363.0,100.0,0.0,Green (Compliant)
Madhya Pradesh,Guna,7496.0,2249.0,66.0,9811.0,9745.0,80661.0,52225.0,132886.0,100.0,0.0,Green (Compliant)
Madhya Pradesh,Gwalior,12110.0,5602.0,830.0,18542.0,17712.0,69790.0,57330.0,127120.0,100.0,0.0,Green (Compliant)
Madhya Pradesh,Harda,1733.0,383.0,18.0,2134.0,2116.0,18957.0,18812.0,37769.0,100.0,0.0,Green (Compliant)
Madhya Pradesh,Harda *,503.0,107.0,0.0,610.0,610.0,2126.0,8046.0,10172.0,100.0,0.0,Green (Compliant)
Madhya Pradesh,Hoshangabad,5158.0,812.0,12.0,5982.0,5970.0,45218.0,51838.0,97056.0,100.0,0.0,Green (Compliant)
Madhya Pradesh,Indore,16685.0,5009.0,609.0,22303.0,21694.0,108940.0,112684.0,221624.0,100.0,0.0,Green (Compliant)
Madhya Pradesh,Jabalpur,10653.0,1713.0,101.0,12467.0,12366.0,82138.0,76526.0,158664.0,100.0,0.0,Green (Compliant)
Madhya Pradesh,Jhabua,6586.0,6570.0,332.0,13488.0,13156.0,50578.0,38148.0,88726.0,100.0,0.0,Green (Compliant)
Madhya Pradesh,Katni,8413.0,2410.0,118.0,10941.0,10823.0,53755.0,44697.0,98452.0,100.0,0.0,Green (Compliant)
Madhya Pradesh,Khandwa,3207.0,1232.0,82.0,4521.0,4439.0,36298.0,22720.0,59018.0,100.0,0.0,Green (Compliant)
Madhya Pradesh,Khargone,9870.0,4663.0,506.0,15039.0,14533.0,81463.0,87738.0,169201.0,100.0,0.0,Green (Compliant)
Madhya Pradesh,Maihar,378.0,20.0,20.0,418.0,398.0,196.0,1325.0,1521.0,49.246231155778894,202.0,Red (Service Desert)
Madhya Pradesh,Mandla,4645.0,261.0,5.0,4911.0,4906.0,34924.0,27323.0,62247.0,100.0,0.0,Green (Compliant)
Madhya Pradesh,Mandsaur,7444.0,808.0,24.0,8276.0,8252.0,46973.0,45487.0,92460.0,100.0,0.0,Green (Compliant)
Madhya Pradesh,Mauganj,379.0,58.0,1.0,438.0,437.0,83.0,978.0,1061.0,18.993135011441648,354.0,Red (Service Desert)
Madhya Pradesh,Morena,14064.0,7647.0,670.0,22381.0,21711.0,94466.0,51093.0,145559.0,100.0,0.0,Green (Compliant)
Madhya Pradesh,Narmadapuram,608.0,100.0,29.0,737.0,708.0,1420.0,5430.0,6850.0,100.0,0.0,Green (Compliant)
Madhya Pradesh,Narsimhapur,966.0,223.0,0.0,1189.0,1189.0,2685.0,7663.0,10348.0,100.0,0.0,Green (Compliant)
Madhya Pradesh,Narsinghpur,3860.0,1222.0,92.0,5174.0,5082.0,38006.0,25111.0,63117.0,100.0,0.0,Green (Compliant)
Madhya Pradesh,Neemuch,4183.0,764.0,17.0,4964.0,4947.0,34879.0,22132.0,57011.0,100.0,0.0,Green (Compliant)
Madhya Pradesh,Niwari,117.0,16.0,9.0,142.0,133.0,1194.0,1101.0,2295.0,100.0,0.0,Green (Compliant)
Madhya Pradesh,Pandhurna,66.0,4.0,28.0,98.0,70.0,78.0,299.0,377.0,100.0,0.0,Green (Compliant)
Madhya Pradesh,Panna,6807.0,2404.0,128.0,9339.0,9211.0,53832.0,44207.0,98039.0,100.0,0.0,Green (Compliant)
Madhya Pradesh,Raisen,6215.0,1230.0,122.0,7567.0,7445.0,67598.0,49050.0,116648.0,100.0,0.0,Green (Compliant)
Madhya Pradesh,Rajgarh,6542.0,1594.0,35.0,8171.0,8136.0,83066.0,82163.0,165229.0,100.0,0.0,Green (Compliant)
Madhya Pradesh,Ratlam,6427.0,1478.0,77.0,7982.0,7905.0,83610.0,51337.0,134947.0,100.0,0.0,Green (Compliant)
Madhya Pradesh,Rewa,9346.0,1463.0,29.0,10838.0,10809.0,119788.0,75171.0,194959.0,100.0,0.0,Green (Compliant)
Madhya Pradesh,Sagar,11572.0,1882.0,387.0,13841.0,13454.0,112844.0,79881.0,192725.0,100.0,0.0,Green (Compliant)
Madhya Pradesh,Satna,11198.0,1946.0,132.0,13276.0,13144.0,96656.0,76057.0,172713.0,100.0,0.0,Green (Compliant)
Madhya Pradesh,Sehore,5155.0,1308.0,55.0,6518.0,6463.0,54978.0,63024.0,118002.0,100.0,0.0,Green (Compliant)
Madhya Pradesh,Seoni,5558.0,513.0,10.0,6081.0,6071.0,45852.0,39900.0,85752.0,100.0,0.0,Green (Compliant)
Madhya Pradesh,Shahdol,4410.0,828.0,59.0,5297.0,5238.0,45413.0,49159.0,94572.0,100.0,0.0,Green (Compliant)
Madhya Pradesh,Shajapur,5937.0,1070.0,18.0,7025.0,7007.0,62880.0,63761.0,126641.0,100.0,0.0,Green (Compliant)
Madhya Pradesh,Sheopur,3765.0,3326.0,139.0,7230.0,7091.0,32840.0,23428.0,56268.0,100.0,0.0,Green (Compliant)
Madhya Pradesh,Shivpuri,7127.0,4867.0,747.0,12741.0,11994.0,90683.0,75889.0,166572.0,100.0,0.0,Green (Compliant)
Madhya Pradesh,Sidhi,5606.0,671.0,15.0,6292.0,6277.0,77260.0,43947.0,121207.0,100.0,0.0,Green (Compliant)
Madhya Pradesh,Singrauli,5669.0,859.0,22.0,6550.0,6528.0,76133.0,32297.0,108430.0,100.0,0.0,Green (Compliant)
Madhya Pradesh,Tikamgarh,5674.0,1539.0,29.0,7242.0,7213.0,89448.0,71168.0,160616.0,100.0,0.0,Green (Compliant)
Madhya Pradesh,Ujjain,12450.0,1763.0,95.0,14308.0,14213.0,86924.0,63027.0,149951.0,100.0,0.0,Green (Compliant)
Madhya Pradesh,Umaria,4360.0,906.0,34.0,5300.0,5266.0,19901.0,19360.0,39261.0,100.0,0.0,Green (Compliant)
Madhya Pradesh,Vidisha,7998.0,2206.0,170.0,10374.0,10204.0,67687.0,57203.0,124890.0,100.0,0.0,Green (Compliant)
Madhya Pradesh,West Nimar,618.0,136.0,6.0,760.0,754.0,2548.0,7270.0,9818.0,100.0,0.0,Green (Compliant)
Maharashtra,Ahilyanagar,12.0,1.0,0.0,13.0,13.0,1.0,16.0,17.0,7.6923076923076925,12.0,Red (Service Desert)
Maharashtra,Ahmadnagar,9369.0,2338.0,129.0,11836.0,11707.0,164245.0,199316.0,363561.0,100.0,0.0,Green (Compliant)
Maharashtra,Ahmed Nagar,277.0,63.0,0.0,340.0,340.0,1602.0,4237.0,5839.0,100.0,0.0,Green (Compliant)
Maharashtra,Ahmednagar,182.0,158.0,28.0,368.0,340.0,0.0,0.0,0.0,0.0,340.0,Red (Service Desert)
Maharashtra,Akola,3966.0,693.0,49.0,4708.0,4659.0,53986.0,131099.0,185085.0,100.0,0.0,Green (Compliant)
Maharashtra,Amravati,5783.0,1025.0,107.0,6915.0,6808.0,103569.0,234714.0,338283.0,100.0,0.0,Green (Compliant)
Maharashtra,Aurangabad,12374.0,4874.0,145.0,17393.0,17248.0,110323.0,201050.0,311373.0,100.0,0.0,Green (Compliant)
Maharashtra,Beed,7454.0,2461.0,270.0,10185.0,9915.0,114059.0,141436.0,255495.0,100.0,0.0,Green (Compliant)
Maharashtra,Bhandara,1842.0,55.0,6.0,1903.0,1897.0,31856.0,70348.0,102204.0,100.0,0.0,Green (Compliant)
Maharashtra,Bid,439.0,129.0,0.0,568.0,568.0,538.0,9354.0,9892.0,94.71830985915493,30.0,Green (Compliant)
Maharashtra,Buldana,963.0,112.0,0.0,1075.0,1075.0,3169.0,32568.0,35737.0,100.0,0.0,Green (Compliant)
Maharashtra,Buldhana,5849.0,1093.0,142.0,7084.0,6942.0,84533.0,134968.0,219501.0,100.0,0.0,Green (Compliant)
Maharashtra,Chandrapur,4014.0,375.0,86.0,4475.0,4389.0,65688.0,147946.0,213634.0,100.0,0.0,Green (Compliant)
Maharashtra,Chatrapati Sambhaji Nagar,114.0,81.0,16.0,211.0,195.0,413.0,1791.0,2204.0,100.0,0.0,Green (Compliant)
Maharashtra,Chhatrapati Sambhajinagar,411.0,365.0,234.0,1010.0,776.0,842.0,4025.0,4867.0,100.0,0.0,Green (Compliant)
Maharashtra,Dharashiv,89.0,28.0,27.0,144.0,117.0,121.0,522.0,643.0,100.0,0.0,Green (Compliant)
Maharashtra,Dhule,7244.0,4842.0,519.0,12605.0,12086.0,72244.0,125610.0,197854.0,100.0,0.0,Green (Compliant)
Maharashtra,Gadchiroli,2084.0,268.0,22.0,2374.0,2352.0,38590.0,102075.0,140665.0,100.0,0.0,Green (Compliant)
Maharashtra,Gondia,25.0,4.0,0.0,29.0,29.0,26.0,839.0,865.0,89.65517241379311,3.0,Green (Compliant)
Maharashtra,Gondiya,2780.0,104.0,6.0,2890.0,2884.0,35448.0,61066.0,96514.0,100.0,0.0,Green (Compliant)
Maharashtra,Gondiya *,53.0,4.0,0.0,57.0,57.0,67.0,1341.0,1408.0,100.0,0.0,Green (Compliant)
Maharashtra,Hingoli,6359.0,1457.0,373.0,8189.0,7816.0,45691.0,71373.0,117064.0,100.0,0.0,Green (Compliant)
Maharashtra,Hingoli *,1.0,0.0,0.0,1.0,1.0,0.0,9.0,9.0,0.0,1.0,Red (Service Desert)
Maharashtra,Jalgaon,10454.0,2579.0,227.0,13260.0,13033.0,148853.0,268531.0,417384.0,100.0,0.0,Green (Compliant)
Maharashtra,Jalna,4627.0,944.0,19.0,5590.0,5571.0,71820.0,120872.0,192692.0,100.0,0.0,Green (Compliant)
Maharashtra,Kolhapur,6423.0,985.0,72.0,7480.0,7408.0,118410.0,152674.0,271084.0,100.0,0.0,Green (Compliant)
Maharashtra,Latur,5828.0,1631.0,148.0,7607.0,7459.0,74375.0,172366.0,246741.0,100.0,0.0,Green (Compliant)
Maharashtra,Mumbai,10594.0,3881.0,77.0,14552.0,14475.0,119615.0,284744.0,404359.0,100.0,0.0,Green (Compliant)
Maharashtra,Mumbai City,2314.0,449.0,166.0,2929.0,2763.0,28377.0,19194.0,47571.0,100.0,0.0,Green (Compliant)
Maharashtra,Mumbai Suburban,12480.0,4946.0,790.0,18216.0,17426.0,99373.0,74817.0,174190.0,100.0,0.0,Green (Compliant)
Maharashtra,Mumbai( Sub Urban ),340.0,79.0,0.0,419.0,419.0,454.0,4473.0,4927.0,100.0,0.0,Green (Compliant)
Maharashtra,Nagpur,10093.0,1502.0,233.0,11828.0,11595.0,112851.0,238072.0,350923.0,100.0,0.0,Green (Compliant)
Maharashtra,Nanded,9164.0,2447.0,336.0,11947.0,11611.0,124730.0,217810.0,342540.0,100.0,0.0,Green (Compliant)
Maharashtra,Nandurbar,7649.0,2630.0,237.0,10516.0,10279.0,67146.0,132601.0,199747.0,100.0,0.0,Green (Compliant)
Maharashtra,Nandurbar *,106.0,33.0,1.0,140.0,139.0,16.0,1629.0,1645.0,11.510791366906476,123.0,Red (Service Desert)
Maharashtra,Nashik,16262.0,5802.0,304.0,22368.0,22064.0,213100.0,363506.0,576606.0,100.0,0.0,Green (Compliant)
Maharashtra,Osmanabad,3303.0,713.0,10.0,4026.0,4016.0,62688.0,92367.0,155055.0,100.0,0.0,Green (Compliant)
Maharashtra,Palghar,7343.0,3191.0,165.0,10699.0,10534.0,91196.0,66756.0,157952.0,100.0,0.0,Green (Compliant)
Maharashtra,Parbhani,5062.0,1011.0,199.0,6272.0,6073.0,77890.0,106136.0,184026.0,100.0,0.0,Green (Compliant)
Maharashtra,Pune,24088.0,6536.0,1139.0,31763.0,30624.0,283480.0,322282.0,605762.0,100.0,0.0,Green (Compliant)
Maharashtra,Raigad,2585.0,743.0,105.0,3433.0,3328.0,4153.0,9872.0,14025.0,100.0,0.0,Green (Compliant)
Maharashtra,Raigarh,4414.0,815.0,1.0,5230.0,5229.0,74452.0,82211.0,156663.0,100.0,0.0,Green (Compliant)
Maharashtra,Raigarh(MH),72.0,16.0,0.0,88.0,88.0,24.0,476.0,500.0,27.27272727272727,64.0,Red (Service Desert)
Maharashtra,Ratnagiri,2352.0,219.0,32.0,2603.0,2571.0,56842.0,82347.0,139189.0,100.0,0.0,Green (Compliant)
Maharashtra,Sangli,5697.0,1802.0,133.0,7632.0,7499.0,94241.0,128772.0,223013.0,100.0,0.0,Green (Compliant)
Maharashtra,Satara,5148.0,717.0,156.0,6021.0,5865.0,103754.0,105815.0,209569.0,100.0,0.0,Green (Compliant)
Maharashtra,Sindhudurg,1121.0,59.0,22.0,1202.0,1180.0,21284.0,27093.0,48377.0,100.0,0.0,Green (Compliant)
Maharashtra,Solapur,9537.0,2495.0,260.0,12292.0,12032.0,154623.0,179884.0,334507.0,100.0,0.0,Green (Compliant)
Maharashtra,Thane,29092.0,13629.0,967.0,43688.0,42721.0,202896.0,368377.0,571273.0,100.0,0.0,Green (Compliant)
Maharashtra,Wardha,1859.0,89.0,5.0,1953.0,1948.0,41487.0,84972.0,126459.0,100.0,0.0,Green (Compliant)
Maharashtra,Washim,3041.0,300.0,45.0,3386.0,3341.0,44911.0,93709.0,138620.0,100.0,0.0,Green (Compliant)
Maharashtra,Washim *,28.0,4.0,0.0,32.0,32.0,60.0,779.0,839.0,100.0,0.0,Green (Compliant)
Maharashtra,Yavatmal,6054.0,1339.0,201.0,7594.0,7393.0,92600.0,234587.0,327187.0,100.0,0.0,Green (Compliant)
Manipur,Bishnupur,516.0,559.0,42.0,1117.0,1075.0,19678.0,10631.0,30309.0,100.0,0.0,Green (Compliant)
Manipur,Chandel,244.0,510.0,5.0,759.0,754.0,4719.0,3964.0,8683.0,100.0,0.0,Green (Compliant)
Manipur,Churachandpur,1256.0,3274.0,108.0,4638.0,4530.0,11461.0,7351.0,18812.0,100.0,0.0,Green (Compliant)
Manipur,Imphal East,559.0,564.0,9.0,1132.0,1123.0,36938.0,22336.0,59274.0,100.0,0.0,Green (Compliant)
Manipur,Imphal West,645.0,559.0,32.0,1236.0,1204.0,36009.0,25302.0,61311.0,100.0,0.0,Green (Compliant)
Manipur,Jiribam,53.0,91.0,1.0,145.0,144.0,452.0,1514.0,1966.0,100.0,0.0,Green (Compliant)
Manipur,Kakching,39.0,69.0,1.0,109.0,108.0,1363.0,684.0,2047.0,100.0,0.0,Green (Compliant)
Manipur,Pherzawl,1.0,10.0,0.0,11.0,11.0,2.0,0.0,2.0,18.181818181818183,9.0,Red (Service Desert)
Manipur,Senapati,764.0,721.0,16.0,1501.0,1485.0,12619.0,9977.0,22596.0,100.0,0.0,Green (Compliant)
Manipur,Tamenglong,297.0,634.0,29.0,960.0,931.0,4067.0,3787.0,7854.0,100.0,0.0,Green (Compliant)
Manipur,Thoubal,423.0,638.0,6.0,1067.0,1061.0,32794.0,23249.0,56043.0,100.0,0.0,Green (Compliant)
Manipur,Ukhrul,343.0,424.0,14.0,781.0,767.0,6363.0,7327.0,13690.0,100.0,0.0,Green (Compliant)
Meghalaya,East Garo Hills,1012.0,3366.0,1674.0,6052.0,4378.0,975.0,1749.0,2724.0,22.270443124714483,3403.0,Red (Service Desert)
Meghalaya,East Jaintia Hills,983.0,2354.0,1796.0,5133.0,3337.0,2042.0,740.0,2782.0,61.19268804315253,1295.0,Yellow (Moderate Risk)
Meghalaya,East Khasi Hills,4258.0,14606.0,9948.0,28812.0,18864.0,8982.0,12022.0,21004.0,47.61450381679389,9882.0,Red (Service Desert)
Meghalaya,Eastern West Khasi Hills,3.0,226.0,589.0,818.0,229.0,2.0,6.0,8.0,0.8733624454148471,227.0,Red (Service Desert)
Meghalaya,Jaintia Hills,4.0,0.0,0.0,4.0,4.0,1.0,7.0,8.0,25.0,3.0,Red (Service Desert)
Meghalaya,Kamrup,13.0,71.0,59.0,143.0,84.0,0.0,0.0,0.0,0.0,84.0,Red (Service Desert)
Meghalaya,North Garo Hills,457.0,1854.0,758.0,3069.0,2311.0,816.0,427.0,1243.0,35.3093898745132,1495.0,Red (Service Desert)
Meghalaya,Ri Bhoi,1338.0,4598.0,3372.0,9308.0,5936.0,2847.0,1677.0,4524.0,47.961590296495956,3089.0,Red (Service Desert)
Meghalaya,South Garo Hills,568.0,2427.0,1446.0,4441.0,2995.0,584.0,701.0,1285.0,19.4991652754591,2411.0,Red (Service Desert)
Meghalaya,South West Garo Hills,2417.0,1656.0,883.0,4956.0,4073.0,2485.0,2430.0,4915.0,61.011539405843365,1588.0,Yellow (Moderate Risk)
Meghalaya,South West Khasi Hills,789.0,1543.0,1114.0,3446.0,2332.0,1894.0,1538.0,3432.0,81.21783876500858,438.0,Green (Compliant)
Meghalaya,West Garo Hills,4545.0,6790.0,4540.0,15875.0,11335.0,8275.0,25195.0,33470.0,73.00397000441112,3060.0,Yellow (Moderate Risk)
Meghalaya,West Jaintia Hills,2382.0,5636.0,3798.0,11816.0,8018.0,4302.0,1875.0,6177.0,53.65427787478174,3716.0,Yellow (Moderate Risk)
Meghalaya,West Khasi Hills,2410.0,8178.0,5310.0,15898.0,10588.0,3326.0,2728.0,6054.0,31.41292028711749,7262.0,Red (Service Desert)
Mizoram,Aizawl,762.0,236.0,61.0,1059.0,998.0,26633.0,11044.0,37677.0,100.0,0.0,Green (Compliant)
Mizoram,Champhai,805.0,269.0,91.0,1165.0,1074.0,11652.0,4316.0,15968.0,100.0,0.0,Green (Compliant)
Mizoram,Hnahthial,2.0,0.0,0.0,2.0,2.0,10.0,7.0,17.0,100.0,0.0,Green (Compliant)
Mizoram,Khawzawl,5.0,7.0,24.0,36.0,12.0,6.0,2.0,8.0,50.0,6.0,Yellow (Moderate Risk)
Mizoram,Kolasib,189.0,51.0,35.0,275.0,240.0,8032.0,2899.0,10931.0,100.0,0.0,Green (Compliant)
Mizoram,Lawngtlai,1164.0,381.0,97.0,1642.0,1545.0,8990.0,4440.0,13430.0,100.0,0.0,Green (Compliant)
Mizoram,Lunglei,541.0,116.0,69.0,726.0,657.0,10249.0,5040.0,15289.0,100.0,0.0,Green (Compliant)
Mizoram,Mamit,141.0,27.0,3.0,171.0,168.0,8827.0,1888.0,10715.0,100.0,0.0,Green (Compliant)
Mizoram,Mammit,71.0,8.0,0.0,79.0,79.0,1723.0,1134.0,2857.0,100.0,0.0,Green (Compliant)
Mizoram,Saiha,374.0,181.0,102.0,657.0,555.0,4477.0,1279.0,5756.0,100.0,0.0,Green (Compliant)
Mizoram,Saitual,2.0,3.0,7.0,12.0,5.0,37.0,40.0,77.0,100.0,0.0,Green (Compliant)
Mizoram,Serchhip,80.0,16.0,6.0,102.0,96.0,4895.0,2709.0,7604.0,100.0,0.0,Green (Compliant)
Nagaland,Chumukedima,37.0,97.0,50.0,184.0,134.0,245.0,406.0,651.0,100.0,0.0,Green (Compliant)
Nagaland,Dimapur,1118.0,1802.0,276.0,3196.0,2920.0,9331.0,15892.0,25223.0,100.0,0.0,Green (Compliant)
Nagaland,Kiphire,163.0,693.0,52.0,908.0,856.0,1576.0,2734.0,4310.0,100.0,0.0,Green (Compliant)
Nagaland,Kohima,562.0,952.0,107.0,1621.0,1514.0,3226.0,10727.0,13953.0,100.0,0.0,Green (Compliant)
Nagaland,Longleng,205.0,636.0,48.0,889.0,841.0,671.0,2003.0,2674.0,79.7859690844233,170.0,Yellow (Moderate Risk)
Nagaland,Meluri,2.0,13.0,2.0,17.0,15.0,160.0,705.0,865.0,100.0,0.0,Green (Compliant)
Nagaland,Mokokchung,132.0,315.0,43.0,490.0,447.0,2120.0,6425.0,8545.0,100.0,0.0,Green (Compliant)
Nagaland,Mon,618.0,1434.0,171.0,2223.0,2052.0,5267.0,8777.0,14044.0,100.0,0.0,Green (Compliant)
Nagaland,Niuland,14.0,15.0,2.0,31.0,29.0,110.0,175.0,285.0,100.0,0.0,Green (Compliant)
Nagaland,Noklak,70.0,246.0,38.0,354.0,316.0,227.0,520.0,747.0,71.83544303797468,89.0,Yellow (Moderate Risk)
Nagaland,Peren,511.0,843.0,100.0,1454.0,1354.0,1819.0,2765.0,4584.0,100.0,0.0,Green (Compliant)
Nagaland,Phek,309.0,695.0,39.0,1043.0,1004.0,1620.0,7138.0,8758.0,100.0,0.0,Green (Compliant)
Nagaland,Shamator,3.0,221.0,23.0,247.0,224.0,36.0,134.0,170.0,16.071428571428573,188.0,Red (Service Desert)
Nagaland,Tseminyu,7.0,15.0,10.0,32.0,22.0,53.0,133.0,186.0,100.0,0.0,Green (Compliant)
Nagaland,Tuensang,512.0,983.0,84.0,1579.0,1495.0,2650.0,7058.0,9708.0,100.0,0.0,Green (Compliant)
Nagaland,Wokha,118.0,410.0,30.0,558.0,528.0,1973.0,4954.0,6927.0,100.0,0.0,Green (Compliant)
Nagaland,Zunheboto,131.0,583.0,47.0,761.0,714.0,1477.0,6486.0,7963.0,100.0,0.0,Green (Compliant)
ODISHA,NUAPADA,1.0,0.0,0.0,1.0,1.0,9.0,25.0,34.0,100.0,0.0,Green (Compliant)
Odisha,ANGUL,1.0,0.0,0.0,1.0,1.0,3.0,2.0,5.0,100.0,0.0,Green (Compliant)
Odisha,ANUGUL,12.0,1.0,0.0,13.0,13.0,80.0,165.0,245.0,100.0,0.0,Green (Compliant)
Odisha,Angul,2582.0,413.0,14.0,3009.0,2995.0,32301.0,31747.0,64048.0,100.0,0.0,Green (Compliant)
Odisha,Anugal,1.0,2.0,0.0,3.0,3.0,0.0,4.0,4.0,0.0,3.0,Red (Service Desert)
Odisha,Anugul,117.0,26.0,0.0,143.0,143.0,357.0,1297.0,1654.0,100.0,0.0,Green (Compliant)
Odisha,BALANGIR,0.0,0.0,0.0,0.0,0.0,0.0,1.0,1.0,0.0,0.0,Red (Service Desert)
Odisha,Balangir,4254.0,924.0,56.0,5234.0,5178.0,46325.0,42647.0,88972.0,100.0,0.0,Green (Compliant)
Odisha,Baleshwar,641.0,204.0,0.0,845.0,845.0,5494.0,15570.0,21064.0,100.0,0.0,Green (Compliant)
Odisha,Baleswar,4864.0,1147.0,4.0,6015.0,6011.0,60252.0,44411.0,104663.0,100.0,0.0,Green (Compliant)
Odisha,Bargarh,4329.0,818.0,3.0,5150.0,5147.0,41870.0,38922.0,80792.0,100.0,0.0,Green (Compliant)
Odisha,Baudh,138.0,33.0,0.0,171.0,171.0,936.0,3904.0,4840.0,100.0,0.0,Green (Compliant)
Odisha,Bhadrak,3369.0,1137.0,14.0,4520.0,4506.0,51497.0,40578.0,92075.0,100.0,0.0,Green (Compliant)
Odisha,Boudh,1177.0,245.0,2.0,1424.0,1422.0,12444.0,11863.0,24307.0,100.0,0.0,Green (Compliant)
Odisha,Cuttack,4040.0,1025.0,15.0,5080.0,5065.0,65497.0,69264.0,134761.0,100.0,0.0,Green (Compliant)
Odisha,Debagarh,776.0,95.0,5.0,876.0,871.0,8406.0,7841.0,16247.0,100.0,0.0,Green (Compliant)
Odisha,Dhenkanal,2358.0,525.0,8.0,2891.0,2883.0,37411.0,38664.0,76075.0,100.0,0.0,Green (Compliant)
Odisha,Gajapati,1658.0,318.0,18.0,1994.0,1976.0,30076.0,28850.0,58926.0,100.0,0.0,Green (Compliant)
Odisha,Ganjam,6709.0,996.0,9.0,7714.0,7705.0,94544.0,87307.0,181851.0,100.0,0.0,Green (Compliant)
Odisha,JAJPUR,1967.0,456.0,49.0,2472.0,2423.0,20905.0,15643.0,36548.0,100.0,0.0,Green (Compliant)
Odisha,Jagatsinghapur,2821.0,304.0,24.0,3149.0,3125.0,26284.0,21891.0,48175.0,100.0,0.0,Green (Compliant)
Odisha,Jagatsinghpur,626.0,68.0,0.0,694.0,694.0,2860.0,9233.0,12093.0,100.0,0.0,Green (Compliant)
Odisha,Jajapur,2014.0,481.0,2.0,2497.0,2495.0,28109.0,31245.0,59354.0,100.0,0.0,Green (Compliant)
Odisha,Jajpur,10.0,7.0,0.0,17.0,17.0,85.0,201.0,286.0,100.0,0.0,Green (Compliant)
Odisha,Jharsuguda,1071.0,86.0,0.0,1157.0,1157.0,13418.0,12371.0,25789.0,100.0,0.0,Green (Compliant)
Odisha,Kalahandi,3350.0,1071.0,64.0,4485.0,4421.0,42854.0,52056.0,94910.0,100.0,0.0,Green (Compliant)
Odisha,Kandhamal,2603.0,438.0,8.0,3049.0,3041.0,28755.0,30958.0,59713.0,100.0,0.0,Green (Compliant)
Odisha,Kendrapara,3161.0,753.0,48.0,3962.0,3914.0,39525.0,38623.0,78148.0,100.0,0.0,Green (Compliant)
Odisha,Kendujhar,4330.0,1032.0,15.0,5377.0,5362.0,47370.0,54574.0,101944.0,100.0,0.0,Green (Compliant)
Odisha,Khorda,3496.0,654.0,165.0,4315.0,4150.0,48459.0,45859.0,94318.0,100.0,0.0,Green (Compliant)
Odisha,Khordha,385.0,98.0,13.0,496.0,483.0,1672.0,7323.0,8995.0,100.0,0.0,Green (Compliant)
Odisha,Koraput,3172.0,1165.0,46.0,4383.0,4337.0,47162.0,56820.0,103982.0,100.0,0.0,Green (Compliant)
Odisha,Malkangiri,2333.0,486.0,4.0,2823.0,2819.0,27302.0,20713.0,48015.0,100.0,0.0,Green (Compliant)
Odisha,Mayurbhanj,6227.0,1860.0,35.0,8122.0,8087.0,77366.0,79552.0,156918.0,100.0,0.0,Green (Compliant)
Odisha,NAYAGARH,0.0,0.0,0.0,0.0,0.0,1.0,8.0,9.0,0.0,0.0,Red (Service Desert)
Odisha,NUAPADA,34.0,4.0,0.0,38.0,38.0,61.0,200.0,261.0,100.0,0.0,Green (Compliant)
Odisha,Nabarangapur,4174.0,1990.0,65.0,6229.0,6164.0,45252.0,45323.0,90575.0,100.0,0.0,Green (Compliant)
Odisha,Nabarangpur,327.0,103.0,12.0,442.0,430.0,0.0,0.0,0.0,0.0,430.0,Red (Service Desert)
Odisha,Nayagarh,2080.0,271.0,11.0,2362.0,2351.0,30128.0,30707.0,60835.0,100.0,0.0,Green (Compliant)
Odisha,Nuapada,1666.0,413.0,2.0,2081.0,2079.0,23036.0,23620.0,46656.0,100.0,0.0,Green (Compliant)
Odisha,Puri,2959.0,548.0,4.0,3511.0,3507.0,36327.0,35154.0,71481.0,100.0,0.0,Green (Compliant)
Odisha,Rayagada,2370.0,672.0,3.0,3045.0,3042.0,29519.0,29352.0,58871.0,100.0,0.0,Green (Compliant)
Odisha,Sambalpur,2234.0,317.0,1.0,2552.0,2551.0,26666.0,25524.0,52190.0,100.0,0.0,Green (Compliant)
Odisha,Sonapur,1266.0,221.0,1.0,1488.0,1487.0,15279.0,10976.0,26255.0,100.0,0.0,Green (Compliant)
Odisha,Subarnapur,339.0,60.0,0.0,399.0,399.0,1902.0,4573.0,6475.0,100.0,0.0,Green (Compliant)
Odisha,Sundargarh,486.0,105.0,0.0,591.0,591.0,3142.0,11889.0,15031.0,100.0,0.0,Green (Compliant)
Odisha,Sundergarh,3341.0,640.0,19.0,4000.0,3981.0,47566.0,46692.0,94258.0,100.0,0.0,Green (Compliant)
Odisha,jajpur,14.0,4.0,0.0,18.0,18.0,86.0,126.0,212.0,100.0,0.0,Green (Compliant)
Orissa,Angul,0.0,0.0,0.0,0.0,0.0,2.0,0.0,2.0,0.0,0.0,Red (Service Desert)
Orissa,Anugul,42.0,9.0,0.0,51.0,51.0,57.0,149.0,206.0,100.0,0.0,Green (Compliant)
Orissa,Anugul  *,0.0,0.0,0.0,0.0,0.0,0.0,1.0,1.0,0.0,0.0,Red (Service Desert)
Orissa,Balangir,328.0,108.0,0.0,436.0,436.0,2473.0,9600.0,12073.0,100.0,0.0,Green (Compliant)
Orissa,Baleshwar,337.0,47.0,0.0,384.0,384.0,1068.0,2704.0,3772.0,100.0,0.0,Green (Compliant)
Orissa,Baleswar,2.0,1.0,0.0,3.0,3.0,6.0,5.0,11.0,100.0,0.0,Green (Compliant)
Orissa,Bargarh,82.0,7.0,0.0,89.0,89.0,260.0,755.0,1015.0,100.0,0.0,Green (Compliant)
Orissa,Baudh,4.0,0.0,0.0,4.0,4.0,0.0,5.0,5.0,0.0,4.0,Red (Service Desert)
Orissa,Bhadrak,332.0,39.0,0.0,371.0,371.0,1564.0,4041.0,5605.0,100.0,0.0,Green (Compliant)
Orissa,Cuttack,265.0,57.0,0.0,322.0,322.0,1033.0,5274.0,6307.0,100.0,0.0,Green (Compliant)
Orissa,Debagarh,7.0,0.0,0.0,7.0,7.0,2.0,3.0,5.0,28.57142857142857,5.0,Red (Service Desert)
Orissa,Dhenkanal,108.0,18.0,0.0,126.0,126.0,441.0,1131.0,1572.0,100.0,0.0,Green (Compliant)
Orissa,Gajapati,8.0,0.0,0.0,8.0,8.0,9.0,57.0,66.0,100.0,0.0,Green (Compliant)
Orissa,Ganjam,354.0,48.0,0.0,402.0,402.0,1719.0,5292.0,7011.0,100.0,0.0,Green (Compliant)
Orissa,Jagatsinghapur,31.0,4.0,0.0,35.0,35.0,57.0,170.0,227.0,100.0,0.0,Green (Compliant)
Orissa,Jajapur,93.0,18.0,0.0,111.0,111.0,165.0,594.0,759.0,100.0,0.0,Green (Compliant)
Orissa,Jharsuguda,25.0,0.0,0.0,25.0,25.0,20.0,47.0,67.0,80.0,5.0,Green (Compliant)
Orissa,Kalahandi,11.0,0.0,0.0,11.0,11.0,3.0,11.0,14.0,27.27272727272727,8.0,Red (Service Desert)
Orissa,Kandhamal,30.0,2.0,0.0,32.0,32.0,39.0,187.0,226.0,100.0,0.0,Green (Compliant)
Orissa,Kendrapara,49.0,4.0,0.0,53.0,53.0,47.0,191.0,238.0,88.67924528301887,6.0,Green (Compliant)
Orissa,Kendrapara *,1.0,0.0,0.0,1.0,1.0,0.0,0.0,0.0,0.0,1.0,Red (Service Desert)
Orissa,Kendujhar,39.0,10.0,0.0,49.0,49.0,53.0,236.0,289.0,100.0,0.0,Green (Compliant)
Orissa,Khorda,1.0,1.0,0.0,2.0,2.0,2.0,2.0,4.0,100.0,0.0,Green (Compliant)
Orissa,Khordha,629.0,97.0,0.0,726.0,726.0,1868.0,11761.0,13629.0,100.0,0.0,Green (Compliant)
Orissa,Khordha  *,0.0,0.0,0.0,0.0,0.0,0.0,1.0,1.0,0.0,0.0,Red (Service Desert)
Orissa,Koraput,94.0,25.0,0.0,119.0,119.0,229.0,1000.0,1229.0,100.0,0.0,Green (Compliant)
Orissa,Malkangiri,40.0,7.0,0.0,47.0,47.0,51.0,170.0,221.0,100.0,0.0,Green (Compliant)
Orissa,Mayurbhanj,31.0,1.0,0.0,32.0,32.0,12.0,55.0,67.0,37.5,20.0,Red (Service Desert)
Orissa,Nabarangapur,1.0,2.0,0.0,3.0,3.0,0.0,11.0,11.0,0.0,3.0,Red (Service Desert)
Orissa,Nayagarh,92.0,12.0,0.0,104.0,104.0,361.0,827.0,1188.0,100.0,0.0,Green (Compliant)
Orissa,Nuapada,2.0,0.0,0.0,2.0,2.0,0.0,2.0,2.0,0.0,2.0,Red (Service Desert)
Orissa,Puri,194.0,26.0,0.0,220.0,220.0,861.0,2581.0,3442.0,100.0,0.0,Green (Compliant)
Orissa,Rayagada,146.0,35.0,0.0,181.0,181.0,162.0,1266.0,1428.0,89.50276243093923,19.0,Green (Compliant)
Orissa,Sambalpur,21.0,4.0,0.0,25.0,25.0,22.0,110.0,132.0,88.0,3.0,Green (Compliant)
Orissa,Sonapur,22.0,0.0,0.0,22.0,22.0,18.0,52.0,70.0,81.81818181818183,4.0,Green (Compliant)
Orissa,Subarnapur,6.0,0.0,0.0,6.0,6.0,12.0,18.0,30.0,100.0,0.0,Green (Compliant)
Orissa,Sundargarh,121.0,18.0,0.0,139.0,139.0,180.0,976.0,1156.0,100.0,0.0,Green (Compliant)
Orissa,Sundergarh,0.0,1.0,0.0,1.0,1.0,0.0,2.0,2.0,0.0,1.0,Red (Service Desert)
Pondicherry,Cuddalore,0.0,0.0,0.0,0.0,0.0,0.0,6.0,6.0,0.0,0.0,Red (Service Desert)
Pondicherry,Karaikal,154.0,8.0,0.0,162.0,162.0,160.0,2573.0,2733.0,98.76543209876543,2.0,Green (Compliant)
Pondicherry,Pondicherry,1015.0,69.0,0.0,1084.0,1084.0,5050.0,19668.0,24718.0,100.0,0.0,Green (Compliant)
Pondicherry,Viluppuram,0.0,0.0,0.0,0.0,0.0,3.0,5.0,8.0,0.0,0.0,Red (Service Desert)
Pondicherry,Yanam,24.0,2.0,0.0,26.0,26.0,5.0,117.0,122.0,19.230769230769234,21.0,Red (Service Desert)
Puducherry,Karaikal,363.0,30.0,12.0,405.0,393.0,5587.0,7926.0,13513.0,100.0,0.0,Green (Compliant)
Puducherry,Pondicherry,3.0,0.0,0.0,3.0,3.0,6.0,47.0,53.0,100.0,0.0,Green (Compliant)
Puducherry,Puducherry,1213.0,85.0,32.0,1330.0,1298.0,16187.0,12467.0,28654.0,100.0,0.0,Green (Compliant)
Puducherry,Yanam,6.0,1.0,0.0,7.0,7.0,48.0,53.0,101.0,100.0,0.0,Green (Compliant)
Punjab,Amritsar,7633.0,1775.0,247.0,9655.0,9408.0,56802.0,98206.0,155008.0,100.0,0.0,Green (Compliant)
Punjab,Barnala,926.0,79.0,8.0,1013.0,1005.0,16109.0,19430.0,35539.0,100.0,0.0,Green (Compliant)
Punjab,Bathinda,2388.0,298.0,18.0,2704.0,2686.0,42639.0,54101.0,96740.0,100.0,0.0,Green (Compliant)
Punjab,Faridkot,793.0,99.0,10.0,902.0,892.0,15023.0,24389.0,39412.0,100.0,0.0,Green (Compliant)
Punjab,Fatehgarh Sahib,891.0,144.0,13.0,1048.0,1035.0,17318.0,20081.0,37399.0,100.0,0.0,Green (Compliant)
Punjab,Fazilka,1630.0,271.0,10.0,1911.0,1901.0,29691.0,31704.0,61395.0,100.0,0.0,Green (Compliant)
Punjab,Ferozepur,1262.0,114.0,5.0,1381.0,1376.0,24604.0,30726.0,55330.0,100.0,0.0,Green (Compliant)
Punjab,Firozpur,347.0,48.0,0.0,395.0,395.0,1965.0,9515.0,11480.0,100.0,0.0,Green (Compliant)
Punjab,Gurdaspur,4436.0,558.0,126.0,5120.0,4994.0,40136.0,79099.0,119235.0,100.0,0.0,Green (Compliant)
Punjab,Hoshiarpur,3515.0,401.0,218.0,4134.0,3916.0,33856.0,58908.0,92764.0,100.0,0.0,Green (Compliant)
Punjab,Jalandhar,3314.0,732.0,72.0,4118.0,4046.0,50422.0,90848.0,141270.0,100.0,0.0,Green (Compliant)
Punjab,Kapurthala,2067.0,446.0,1213.0,3726.0,2513.0,18246.0,35857.0,54103.0,100.0,0.0,Green (Compliant)
Punjab,Ludhiana,12209.0,4573.0,832.0,17614.0,16782.0,81491.0,109436.0,190927.0,100.0,0.0,Green (Compliant)
Punjab,Malerkotla,711.0,146.0,8.0,865.0,857.0,5712.0,8075.0,13787.0,100.0,0.0,Green (Compliant)
Punjab,Mansa,998.0,107.0,19.0,1124.0,1105.0,22379.0,36660.0,59039.0,100.0,0.0,Green (Compliant)
Punjab,Moga,1335.0,159.0,41.0,1535.0,1494.0,23084.0,38260.0,61344.0,100.0,0.0,Green (Compliant)
Punjab,Muktsar,306.0,28.0,0.0,334.0,334.0,923.0,7956.0,8879.0,100.0,0.0,Green (Compliant)
Punjab,Nawanshahr,169.0,23.0,0.0,192.0,192.0,179.0,4010.0,4189.0,93.22916666666666,13.0,Green (Compliant)
Punjab,Pathankot,1033.0,67.0,15.0,1115.0,1100.0,12987.0,13609.0,26596.0,100.0,0.0,Green (Compliant)
Punjab,Patiala,4298.0,769.0,83.0,5150.0,5067.0,54972.0,64339.0,119311.0,100.0,0.0,Green (Compliant)
Punjab,Rupnagar,1140.0,93.0,13.0,1246.0,1233.0,17432.0,28021.0,45453.0,100.0,0.0,Green (Compliant)
Punjab,S.A.S Nagar,493.0,164.0,48.0,705.0,657.0,0.0,0.0,0.0,0.0,657.0,Red (Service Desert)
Punjab,S.A.S Nagar(Mohali),241.0,36.0,0.0,277.0,277.0,351.0,2384.0,2735.0,100.0,0.0,Green (Compliant)
Punjab,SAS Nagar (Mohali),2398.0,493.0,62.0,2953.0,2891.0,30755.0,27086.0,57841.0,100.0,0.0,Green (Compliant)
Punjab,Sangrur,2087.0,203.0,39.0,2329.0,2290.0,37125.0,45345.0,82470.0,100.0,0.0,Green (Compliant)
Punjab,Shaheed Bhagat Singh Nagar,801.0,101.0,44.0,946.0,902.0,13729.0,16771.0,30500.0,100.0,0.0,Green (Compliant)
Punjab,Sri Muktsar Sahib,1157.0,150.0,8.0,1315.0,1307.0,25553.0,30670.0,56223.0,100.0,0.0,Green (Compliant)
Punjab,Tarn Taran,2646.0,273.0,20.0,2939.0,2919.0,26674.0,54028.0,80702.0,100.0,0.0,Green (Compliant)
Rajasthan,Ajmer,9200.0,2787.0,148.0,12135.0,11987.0,78270.0,63588.0,141858.0,100.0,0.0,Green (Compliant)
Rajasthan,Alwar,15764.0,7314.0,305.0,23383.0,23078.0,124960.0,98489.0,223449.0,100.0,0.0,Green (Compliant)
Rajasthan,Balotra,1.0,0.0,0.0,1.0,1.0,0.0,6.0,6.0,0.0,1.0,Red (Service Desert)
Rajasthan,Banswara,4203.0,3030.0,30.0,7263.0,7233.0,52757.0,40954.0,93711.0,100.0,0.0,Green (Compliant)
Rajasthan,Baran,4532.0,1658.0,77.0,6267.0,6190.0,41044.0,39212.0,80256.0,100.0,0.0,Green (Compliant)
Rajasthan,Barmer,10522.0,5233.0,96.0,15851.0,15755.0,114905.0,81860.0,196765.0,100.0,0.0,Green (Compliant)
Rajasthan,Beawar,1.0,0.0,0.0,1.0,1.0,2.0,6.0,8.0,100.0,0.0,Green (Compliant)
Rajasthan,Bharatpur,10236.0,6643.0,175.0,17054.0,16879.0,78011.0,63144.0,141155.0,100.0,0.0,Green (Compliant)
Rajasthan,Bhilwara,7865.0,3035.0,183.0,11083.0,10900.0,63856.0,56163.0,120019.0,100.0,0.0,Green (Compliant)
Rajasthan,Bikaner,7464.0,5620.0,199.0,13283.0,13084.0,62218.0,68653.0,130871.0,100.0,0.0,Green (Compliant)
Rajasthan,Bundi,3414.0,1334.0,124.0,4872.0,4748.0,32954.0,29903.0,62857.0,100.0,0.0,Green (Compliant)
Rajasthan,Chittaurgarh,286.0,70.0,1.0,357.0,356.0,569.0,1669.0,2238.0,100.0,0.0,Green (Compliant)
Rajasthan,Chittorgarh,3698.0,2160.0,128.0,5986.0,5858.0,35481.0,27117.0,62598.0,100.0,0.0,Green (Compliant)
Rajasthan,Churu,7888.0,4732.0,160.0,12780.0,12620.0,67446.0,65778.0,133224.0,100.0,0.0,Green (Compliant)
Rajasthan,Dausa,4277.0,1807.0,49.0,6133.0,6084.0,56018.0,50312.0,106330.0,100.0,0.0,Green (Compliant)
Rajasthan,Deeg,13.0,36.0,12.0,61.0,49.0,4.0,138.0,142.0,8.16326530612245,45.0,Red (Service Desert)
Rajasthan,Deeg ,1.0,7.0,0.0,8.0,8.0,3.0,13.0,16.0,37.5,5.0,Red (Service Desert)
Rajasthan,Dhaulpur,93.0,46.0,0.0,139.0,139.0,117.0,283.0,400.0,84.17266187050359,22.0,Green (Compliant)
Rajasthan,Dholpur,5719.0,2711.0,150.0,8580.0,8430.0,47710.0,26707.0,74417.0,100.0,0.0,Green (Compliant)
Rajasthan,Didwana-Kuchaman,2.0,0.0,0.0,2.0,2.0,1.0,7.0,8.0,50.0,1.0,Yellow (Moderate Risk)
Rajasthan,Dungarpur,3869.0,2649.0,53.0,6571.0,6518.0,51452.0,35106.0,86558.0,100.0,0.0,Green (Compliant)
Rajasthan,Ganganagar,4186.0,1276.0,42.0,5504.0,5462.0,46082.0,56446.0,102528.0,100.0,0.0,Green (Compliant)
Rajasthan,Hanumangarh,3628.0,1271.0,41.0,4940.0,4899.0,43250.0,53383.0,96633.0,100.0,0.0,Green (Compliant)
Rajasthan,Jaipur,21436.0,8976.0,734.0,31146.0,30412.0,158293.0,197591.0,355884.0,100.0,0.0,Green (Compliant)
Rajasthan,Jaisalmer,1683.0,1120.0,51.0,2854.0,2803.0,25276.0,19701.0,44977.0,100.0,0.0,Green (Compliant)
Rajasthan,Jalor,7882.0,5875.0,234.0,13991.0,13757.0,51608.0,48178.0,99786.0,100.0,0.0,Green (Compliant)
Rajasthan,Jalore,298.0,183.0,13.0,494.0,481.0,3.0,17.0,20.0,0.6237006237006237,478.0,Red (Service Desert)
Rajasthan,Jhalawar,4978.0,2002.0,56.0,7036.0,6980.0,42460.0,37652.0,80112.0,100.0,0.0,Green (Compliant)
Rajasthan,Jhunjhunu,210.0,101.0,0.0,311.0,311.0,541.0,1400.0,1941.0,100.0,0.0,Green (Compliant)
Rajasthan,Jhunjhunun,5749.0,1776.0,86.0,7611.0,7525.0,48082.0,62310.0,110392.0,100.0,0.0,Green (Compliant)
Rajasthan,Jodhpur,14563.0,6724.0,928.0,22215.0,21287.0,114854.0,104179.0,219033.0,100.0,0.0,Green (Compliant)
Rajasthan,Karauli,5857.0,2670.0,109.0,8636.0,8527.0,49784.0,31187.0,80971.0,100.0,0.0,Green (Compliant)
Rajasthan,Khairthal-Tijara,0.0,0.0,0.0,0.0,0.0,4.0,11.0,15.0,0.0,0.0,Red (Service Desert)
Rajasthan,Kota,5545.0,1876.0,104.0,7525.0,7421.0,47161.0,46193.0,93354.0,100.0,0.0,Green (Compliant)
Rajasthan,Kotputli-Behror,0.0,0.0,0.0,0.0,0.0,1.0,6.0,7.0,0.0,0.0,Red (Service Desert)
Rajasthan,Nagaur,11618.0,5441.0,208.0,17267.0,17059.0,104709.0,100659.0,205368.0,100.0,0.0,Green (Compliant)
Rajasthan,Pali,6300.0,2696.0,118.0,9114.0,8996.0,70502.0,85408.0,155910.0,100.0,0.0,Green (Compliant)
Rajasthan,Phalodi,0.0,0.0,0.0,0.0,0.0,0.0,2.0,2.0,0.0,0.0,Red (Service Desert)
Rajasthan,Pratapgarh,2643.0,1133.0,18.0,3794.0,3776.0,32886.0,23401.0,56287.0,100.0,0.0,Green (Compliant)
Rajasthan,Rajsamand,3078.0,1405.0,29.0,4512.0,4483.0,33770.0,28192.0,61962.0,100.0,0.0,Green (Compliant)
Rajasthan,Salumbar,1.0,0.0,0.0,1.0,1.0,0.0,1.0,1.0,0.0,1.0,Red (Service Desert)
Rajasthan,Sawai Madhopur,4575.0,2083.0,86.0,6744.0,6658.0,42901.0,38521.0,81422.0,100.0,0.0,Green (Compliant)
Rajasthan,Sikar,8163.0,3061.0,176.0,11400.0,11224.0,73998.0,87615.0,161613.0,100.0,0.0,Green (Compliant)
Rajasthan,Sirohi,5500.0,4853.0,379.0,10732.0,10353.0,35757.0,34393.0,70150.0,100.0,0.0,Green (Compliant)
Rajasthan,Tonk,4198.0,1656.0,61.0,5915.0,5854.0,41737.0,38186.0,79923.0,100.0,0.0,Green (Compliant)
Rajasthan,Udaipur,8641.0,6073.0,192.0,14906.0,14714.0,95310.0,84468.0,179778.0,100.0,0.0,Green (Compliant)
Sikkim,East,215.0,153.0,2.0,370.0,368.0,2428.0,3095.0,5523.0,100.0,0.0,Green (Compliant)
Sikkim,East Sikkim,184.0,136.0,19.0,339.0,320.0,2607.0,1482.0,4089.0,100.0,0.0,Green (Compliant)
Sikkim,Mangan,0.0,2.0,1.0,3.0,2.0,0.0,0.0,0.0,0.0,2.0,Red (Service Desert)
Sikkim,Namchi,3.0,7.0,14.0,24.0,10.0,0.0,5.0,5.0,0.0,10.0,Red (Service Desert)
Sikkim,North,34.0,10.0,0.0,44.0,44.0,152.0,155.0,307.0,100.0,0.0,Green (Compliant)
Sikkim,North Sikkim,45.0,17.0,0.0,62.0,62.0,636.0,282.0,918.0,100.0,0.0,Green (Compliant)
Sikkim,South,88.0,108.0,1.0,197.0,196.0,1018.0,2032.0,3050.0,100.0,0.0,Green (Compliant)
Sikkim,South Sikkim,187.0,247.0,25.0,459.0,434.0,1299.0,754.0,2053.0,100.0,0.0,Green (Compliant)
Sikkim,West,92.0,111.0,5.0,208.0,203.0,1530.0,2054.0,3584.0,100.0,0.0,Green (Compliant)
Sikkim,West Sikkim,206.0,256.0,39.0,501.0,462.0,2262.0,1029.0,3291.0,100.0,0.0,Green (Compliant)
Tamil Nadu,Ariyalur,1927.0,405.0,80.0,2412.0,2332.0,31344.0,46129.0,77473.0,100.0,0.0,Green (Compliant)
Tamil Nadu,Chengalpattu,862.0,319.0,72.0,1253.0,1181.0,3965.0,2283.0,6248.0,100.0,0.0,Green (Compliant)
Tamil Nadu,Chennai,7686.0,2159.0,198.0,10043.0,9845.0,112681.0,120349.0,233030.0,100.0,0.0,Green (Compliant)
Tamil Nadu,Coimbatore,7139.0,1804.0,43.0,8986.0,8943.0,75352.0,144370.0,219722.0,100.0,0.0,Green (Compliant)
Tamil Nadu,Cuddalore,7493.0,1093.0,44.0,8630.0,8586.0,90307.0,77798.0,168105.0,100.0,0.0,Green (Compliant)
Tamil Nadu,Dharmapuri,4840.0,851.0,48.0,5739.0,5691.0,67201.0,37657.0,104858.0,100.0,0.0,Green (Compliant)
Tamil Nadu,Dindigul,4678.0,1393.0,12.0,6083.0,6071.0,65029.0,121094.0,186123.0,100.0,0.0,Green (Compliant)
Tamil Nadu,Erode,4964.0,1045.0,8.0,6017.0,6009.0,64193.0,83302.0,147495.0,100.0,0.0,Green (Compliant)
Tamil Nadu,Kallakurichi,877.0,149.0,38.0,1064.0,1026.0,2550.0,2268.0,4818.0,100.0,0.0,Green (Compliant)
Tamil Nadu,Kancheepuram,9629.0,3354.0,67.0,13050.0,12983.0,120462.0,113457.0,233919.0,100.0,0.0,Green (Compliant)
Tamil Nadu,Kanchipuram,277.0,89.0,21.0,387.0,366.0,1.0,8.0,9.0,0.273224043715847,365.0,Red (Service Desert)
Tamil Nadu,Kanniyakumari,2139.0,135.0,1.0,2275.0,2274.0,27515.0,41917.0,69432.0,100.0,0.0,Green (Compliant)
Tamil Nadu,Kanyakumari,1896.0,92.0,17.0,2005.0,1988.0,21726.0,8022.0,29748.0,100.0,0.0,Green (Compliant)
Tamil Nadu,Karur,3362.0,654.0,3.0,4019.0,4016.0,27884.0,29923.0,57807.0,100.0,0.0,Green (Compliant)
Tamil Nadu,Krishnagiri,4157.0,910.0,8.0,5075.0,5067.0,73365.0,47438.0,120803.0,100.0,0.0,Green (Compliant)
Tamil Nadu,Madurai,8875.0,1024.0,39.0,9938.0,9899.0,100202.0,113596.0,213798.0,100.0,0.0,Green (Compliant)
Tamil Nadu,Mayiladuthurai,437.0,64.0,1.0,502.0,501.0,3442.0,867.0,4309.0,100.0,0.0,Green (Compliant)
Tamil Nadu,Nagapattinam,3315.0,732.0,0.0,4047.0,4047.0,35304.0,45373.0,80677.0,100.0,0.0,Green (Compliant)
Tamil Nadu,Namakkal,4257.0,606.0,9.0,4872.0,4863.0,47020.0,73971.0,120991.0,100.0,0.0,Green (Compliant)
Tamil Nadu,Namakkal   *,0.0,1.0,0.0,1.0,1.0,0.0,0.0,0.0,0.0,1.0,Red (Service Desert)
Tamil Nadu,Perambalur,1898.0,232.0,0.0,2130.0,2130.0,25143.0,31894.0,57037.0,100.0,0.0,Green (Compliant)
Tamil Nadu,Pudukkottai,5339.0,1670.0,36.0,7045.0,7009.0,52246.0,78060.0,130306.0,100.0,0.0,Green (Compliant)
Tamil Nadu,Ramanathapuram,3318.0,644.0,43.0,4005.0,3962.0,45471.0,54948.0,100419.0,100.0,0.0,Green (Compliant)
Tamil Nadu,Ranipet,97.0,13.0,1.0,111.0,110.0,423.0,214.0,637.0,100.0,0.0,Green (Compliant)
Tamil Nadu,Salem,8417.0,1608.0,224.0,10249.0,10025.0,118161.0,122483.0,240644.0,100.0,0.0,Green (Compliant)
Tamil Nadu,Sivaganga,3740.0,685.0,21.0,4446.0,4425.0,43566.0,51624.0,95190.0,100.0,0.0,Green (Compliant)
Tamil Nadu,Tenkasi,1150.0,118.0,0.0,1268.0,1268.0,7560.0,2643.0,10203.0,100.0,0.0,Green (Compliant)
Tamil Nadu,Thanjavur,5881.0,1471.0,20.0,7372.0,7352.0,71305.0,98262.0,169567.0,100.0,0.0,Green (Compliant)
Tamil Nadu,The Nilgiris,1279.0,430.0,5.0,1714.0,1709.0,22599.0,21505.0,44104.0,100.0,0.0,Green (Compliant)
Tamil Nadu,Theni,2908.0,563.0,2.0,3473.0,3471.0,38916.0,47806.0,86722.0,100.0,0.0,Green (Compliant)
Tamil Nadu,Thiruvallur,461.0,134.0,10.0,605.0,595.0,939.0,1958.0,2897.0,100.0,0.0,Green (Compliant)
Tamil Nadu,Thiruvarur,3346.0,816.0,3.0,4165.0,4162.0,36203.0,36596.0,72799.0,100.0,0.0,Green (Compliant)
Tamil Nadu,Thoothukkudi,4439.0,877.0,3.0,5319.0,5316.0,70728.0,69133.0,139861.0,100.0,0.0,Green (Compliant)
Tamil Nadu,Tiruchirappalli,8396.0,1531.0,5.0,9932.0,9927.0,71253.0,122317.0,193570.0,100.0,0.0,Green (Compliant)
Tamil Nadu,Tirunelveli,8303.0,1370.0,2.0,9675.0,9673.0,97249.0,117524.0,214773.0,100.0,0.0,Green (Compliant)
Tamil Nadu,Tirupathur,4.0,0.0,0.0,4.0,4.0,50.0,9.0,59.0,100.0,0.0,Green (Compliant)
Tamil Nadu,Tirupattur,944.0,102.0,2.0,1048.0,1046.0,8965.0,3146.0,12111.0,100.0,0.0,Green (Compliant)
Tamil Nadu,Tiruppur,5078.0,1109.0,5.0,6192.0,6187.0,71207.0,77565.0,148772.0,100.0,0.0,Green (Compliant)
Tamil Nadu,Tiruvallur,8712.0,2665.0,58.0,11435.0,11377.0,125834.0,111959.0,237793.0,100.0,0.0,Green (Compliant)
Tamil Nadu,Tiruvannamalai,6556.0,677.0,33.0,7266.0,7233.0,82696.0,58759.0,141455.0,100.0,0.0,Green (Compliant)
Tamil Nadu,Tiruvarur,1.0,0.0,0.0,1.0,1.0,0.0,3.0,3.0,0.0,1.0,Red (Service Desert)
Tamil Nadu,Tuticorin,1.0,1.0,0.0,2.0,2.0,1.0,5.0,6.0,50.0,1.0,Yellow (Moderate Risk)
Tamil Nadu,Vellore,8271.0,1309.0,53.0,9633.0,9580.0,99121.0,92682.0,191803.0,100.0,0.0,Green (Compliant)
Tamil Nadu,Villupuram,5854.0,915.0,3.0,6772.0,6769.0,85898.0,35363.0,121261.0,100.0,0.0,Green (Compliant)
Tamil Nadu,Viluppuram,4341.0,781.0,0.0,5122.0,5122.0,22410.0,63056.0,85466.0,100.0,0.0,Green (Compliant)
Tamil Nadu,Virudhunagar,4769.0,627.0,11.0,5407.0,5396.0,59765.0,61529.0,121294.0,100.0,0.0,Green (Compliant)
Tamilnadu,Chennai,0.0,0.0,0.0,0.0,0.0,1.0,0.0,1.0,0.0,0.0,Red (Service Desert)
Telangana,Adilabad,2517.0,467.0,3.0,2987.0,2984.0,44923.0,35360.0,80283.0,100.0,0.0,Green (Compliant)
Telangana,Bhadradri Kothagudem,2490.0,682.0,39.0,3211.0,3172.0,11882.0,9721.0,21603.0,100.0,0.0,Green (Compliant)
Telangana,Hanumakonda,916.0,109.0,5.0,1030.0,1025.0,1831.0,7186.0,9017.0,100.0,0.0,Green (Compliant)
Telangana,Hyderabad,19721.0,5600.0,669.0,25990.0,25321.0,133421.0,95120.0,228541.0,100.0,0.0,Green (Compliant)
Telangana,Jagitial,1488.0,98.0,9.0,1595.0,1586.0,6634.0,4111.0,10745.0,100.0,0.0,Green (Compliant)
Telangana,Jangaon,66.0,15.0,0.0,81.0,81.0,128.0,152.0,280.0,100.0,0.0,Green (Compliant)
Telangana,Jangoan,892.0,130.0,0.0,1022.0,1022.0,3951.0,3328.0,7279.0,100.0,0.0,Green (Compliant)
Telangana,Jayashankar Bhupalpally,670.0,173.0,4.0,847.0,843.0,2077.0,2491.0,4568.0,100.0,0.0,Green (Compliant)
Telangana,Jogulamba Gadwal,1543.0,299.0,2.0,1844.0,1842.0,6006.0,5324.0,11330.0,100.0,0.0,Green (Compliant)
Telangana,K.v. Rangareddy,13564.0,3681.0,164.0,17409.0,17245.0,122856.0,125725.0,248581.0,100.0,0.0,Green (Compliant)
Telangana,Kamareddy,1862.0,144.0,2.0,2008.0,2006.0,7963.0,7278.0,15241.0,100.0,0.0,Green (Compliant)
Telangana,Karimnagar,5115.0,686.0,7.0,5808.0,5801.0,68569.0,67307.0,135876.0,100.0,0.0,Green (Compliant)
Telangana,Khammam,2800.0,1079.0,9.0,3888.0,3879.0,44451.0,17719.0,62170.0,100.0,0.0,Green (Compliant)
Telangana,Komaram Bheem,917.0,189.0,0.0,1106.0,1106.0,4930.0,4747.0,9677.0,100.0,0.0,Green (Compliant)
Telangana,Mahabubabad,1249.0,253.0,1.0,1503.0,1502.0,5922.0,4258.0,10180.0,100.0,0.0,Green (Compliant)
Telangana,Mahabubnagar,7689.0,2463.0,16.0,10168.0,10152.0,104613.0,90436.0,195049.0,100.0,0.0,Green (Compliant)
Telangana,Mancherial,924.0,169.0,1.0,1094.0,1093.0,7258.0,5151.0,12409.0,100.0,0.0,Green (Compliant)
Telangana,Medak,6158.0,1379.0,7.0,7544.0,7537.0,66461.0,60205.0,126666.0,100.0,0.0,Green (Compliant)
Telangana,Medchal Malkajgiri,409.0,265.0,30.0,704.0,674.0,0.0,0.0,0.0,0.0,674.0,Red (Service Desert)
Telangana,Medchal-malkajgiri,3064.0,900.0,106.0,4070.0,3964.0,13800.0,16330.0,30130.0,100.0,0.0,Green (Compliant)
Telangana,Medchal?malkajgiri,1.0,1.0,0.0,2.0,2.0,490.0,366.0,856.0,100.0,0.0,Green (Compliant)
Telangana,Medchal−malkajgiri,445.0,88.0,2.0,535.0,533.0,3466.0,1147.0,4613.0,100.0,0.0,Green (Compliant)
Telangana,Mulugu,700.0,233.0,4.0,937.0,933.0,2353.0,3034.0,5387.0,100.0,0.0,Green (Compliant)
Telangana,Nagarkurnool,1077.0,282.0,2.0,1361.0,1359.0,7210.0,5244.0,12454.0,100.0,0.0,Green (Compliant)
Telangana,Nalgonda,5405.0,1246.0,10.0,6661.0,6651.0,80121.0,57868.0,137989.0,100.0,0.0,Green (Compliant)
Telangana,Narayanpet,1082.0,224.0,4.0,1310.0,1306.0,2929.0,3358.0,6287.0,100.0,0.0,Green (Compliant)
Telangana,Nirmal,1292.0,106.0,3.0,1401.0,1398.0,6240.0,7084.0,13324.0,100.0,0.0,Green (Compliant)
Telangana,Nizamabad,5985.0,583.0,9.0,6577.0,6568.0,63114.0,54082.0,117196.0,100.0,0.0,Green (Compliant)
Telangana,Peddapalli,513.0,72.0,3.0,588.0,585.0,2370.0,4057.0,6427.0,100.0,0.0,Green (Compliant)
Telangana,Rajanna Sircilla,834.0,51.0,3.0,888.0,885.0,4367.0,3718.0,8085.0,100.0,0.0,Green (Compliant)
Telangana,Ranga Reddy,181.0,93.0,10.0,284.0,274.0,0.0,0.0,0.0,0.0,274.0,Red (Service Desert)
Telangana,Rangareddy,237.0,61.0,2.0,300.0,298.0,878.0,1908.0,2786.0,100.0,0.0,Green (Compliant)
Telangana,Sangareddy,2224.0,468.0,11.0,2703.0,2692.0,14012.0,8067.0,22079.0,100.0,0.0,Green (Compliant)
Telangana,Siddipet,1701.0,174.0,1.0,1876.0,1875.0,10041.0,6168.0,16209.0,100.0,0.0,Green (Compliant)
Telangana,Suryapet,1743.0,297.0,2.0,2042.0,2040.0,9015.0,11078.0,20093.0,100.0,0.0,Green (Compliant)
Telangana,Vikarabad,2085.0,506.0,2.0,2593.0,2591.0,7987.0,6236.0,14223.0,100.0,0.0,Green (Compliant)
Telangana,Wanaparthy,1266.0,401.0,0.0,1667.0,1667.0,4693.0,5281.0,9974.0,100.0,0.0,Green (Compliant)
Telangana,Warangal,2462.0,490.0,0.0,2952.0,2952.0,54305.0,37305.0,91610.0,100.0,0.0,Green (Compliant)
Telangana,Warangal (urban),6.0,1.0,0.0,7.0,7.0,4.0,7.0,11.0,57.14285714285714,3.0,Yellow (Moderate Risk)
Telangana,Warangal Rural,660.0,70.0,2.0,732.0,730.0,3736.0,3433.0,7169.0,100.0,0.0,Green (Compliant)
Telangana,Warangal Urban,585.0,72.0,6.0,663.0,657.0,4643.0,3940.0,8583.0,100.0,0.0,Green (Compliant)
Telangana,Yadadri.,1380.0,205.0,1.0,1586.0,1585.0,6847.0,5827.0,12674.0,100.0,0.0,Green (Compliant)
The Dadra And Nagar Haveli And Daman And Diu,Dadra And Nagar Haveli,548.0,141.0,27.0,716.0,689.0,0.0,0.0,0.0,0.0,689.0,Red (Service Desert)
Tripura,Dhalai,777.0,607.0,36.0,1420.0,1384.0,20943.0,14025.0,34968.0,100.0,0.0,Green (Compliant)
Tripura,Dhalai  *,28.0,4.0,0.0,32.0,32.0,197.0,450.0,647.0,100.0,0.0,Green (Compliant)
Tripura,Gomati,464.0,204.0,11.0,679.0,668.0,11757.0,2945.0,14702.0,100.0,0.0,Green (Compliant)
Tripura,Khowai,196.0,99.0,44.0,339.0,295.0,7029.0,2137.0,9166.0,100.0,0.0,Green (Compliant)
Tripura,North Tripura,1046.0,416.0,26.0,1488.0,1462.0,23177.0,24321.0,47498.0,100.0,0.0,Green (Compliant)
Tripura,Sepahijala,1121.0,577.0,30.0,1728.0,1698.0,13756.0,5869.0,19625.0,100.0,0.0,Green (Compliant)
Tripura,South Tripura,1348.0,804.0,6.0,2158.0,2152.0,22883.0,34673.0,57556.0,100.0,0.0,Green (Compliant)
Tripura,Unakoti,433.0,179.0,27.0,639.0,612.0,11699.0,4034.0,15733.0,100.0,0.0,Green (Compliant)
Tripura,West Tripura,1963.0,764.0,75.0,2802.0,2727.0,36094.0,56166.0,92260.0,100.0,0.0,Green (Compliant)
Uttar Pradesh,Agra,16314.0,12691.0,905.0,29910.0,29005.0,152308.0,82740.0,235048.0,100.0,0.0,Green (Compliant)
Uttar Pradesh,Aligarh,13830.0,11776.0,586.0,26192.0,25606.0,144160.0,55340.0,199500.0,100.0,0.0,Green (Compliant)
Uttar Pradesh,Allahabad,7254.0,5946.0,49.0,13249.0,13200.0,177827.0,81083.0,258910.0,100.0,0.0,Green (Compliant)
Uttar Pradesh,Ambedkar Nagar,3856.0,4096.0,50.0,8002.0,7952.0,53320.0,33900.0,87220.0,100.0,0.0,Green (Compliant)
Uttar Pradesh,Amethi,3890.0,3251.0,56.0,7197.0,7141.0,57942.0,35329.0,93271.0,100.0,0.0,Green (Compliant)
Uttar Pradesh,Amroha,5605.0,2476.0,61.0,8142.0,8081.0,64902.0,27770.0,92672.0,100.0,0.0,Green (Compliant)
Uttar Pradesh,Auraiya,2169.0,1547.0,17.0,3733.0,3716.0,43638.0,19543.0,63181.0,100.0,0.0,Green (Compliant)
Uttar Pradesh,Auraiya *,0.0,0.0,0.0,0.0,0.0,1.0,0.0,1.0,0.0,0.0,Red (Service Desert)
Uttar Pradesh,Ayodhya,1027.0,634.0,32.0,1693.0,1661.0,3617.0,3774.0,7391.0,100.0,0.0,Green (Compliant)
Uttar Pradesh,Azamgarh,6717.0,13577.0,279.0,20573.0,20294.0,95316.0,78082.0,173398.0,100.0,0.0,Green (Compliant)
Uttar Pradesh,Baghpat,3482.0,3203.0,154.0,6839.0,6685.0,37736.0,20293.0,58029.0,100.0,0.0,Green (Compliant)
Uttar Pradesh,Bagpat,0.0,1.0,0.0,1.0,1.0,2.0,6.0,8.0,100.0,0.0,Green (Compliant)
Uttar Pradesh,Bahraich,14674.0,22360.0,2304.0,39338.0,37034.0,131149.0,49929.0,181078.0,100.0,0.0,Green (Compliant)
Uttar Pradesh,Ballia,4079.0,5860.0,37.0,9976.0,9939.0,77756.0,55249.0,133005.0,100.0,0.0,Green (Compliant)
Uttar Pradesh,Balrampur,4181.0,7907.0,236.0,12324.0,12088.0,66623.0,35489.0,102112.0,100.0,0.0,Green (Compliant)
Uttar Pradesh,Banda,4825.0,5563.0,203.0,10591.0,10388.0,58396.0,34095.0,92491.0,100.0,0.0,Green (Compliant)
Uttar Pradesh,Bara Banki,5776.0,3218.0,92.0,9086.0,8994.0,114423.0,50819.0,165242.0,100.0,0.0,Green (Compliant)
Uttar Pradesh,Barabanki,1401.0,922.0,52.0,2375.0,2323.0,789.0,3435.0,4224.0,33.964700817907875,1534.0,Red (Service Desert)
Uttar Pradesh,Bareilly,17187.0,10017.0,607.0,27811.0,27204.0,166397.0,68411.0,234808.0,100.0,0.0,Green (Compliant)
Uttar Pradesh,Basti,4823.0,5216.0,80.0,10119.0,10039.0,69272.0,39929.0,109201.0,100.0,0.0,Green (Compliant)
Uttar Pradesh,Bhadohi,265.0,277.0,4.0,546.0,542.0,3621.0,2919.0,6540.0,100.0,0.0,Green (Compliant)
Uttar Pradesh,Bijnor,12935.0,3843.0,73.0,16851.0,16778.0,143040.0,74008.0,217048.0,100.0,0.0,Green (Compliant)
Uttar Pradesh,Budaun,7773.0,7407.0,349.0,15529.0,15180.0,77268.0,33050.0,110318.0,100.0,0.0,Green (Compliant)
Uttar Pradesh,Bulandshahar,115.0,70.0,0.0,185.0,185.0,61.0,159.0,220.0,32.972972972972975,124.0,Red (Service Desert)
Uttar Pradesh,Bulandshahr,9155.0,7521.0,209.0,16885.0,16676.0,133979.0,46853.0,180832.0,100.0,0.0,Green (Compliant)
Uttar Pradesh,Chandauli,4405.0,4986.0,175.0,9566.0,9391.0,61634.0,28910.0,90544.0,100.0,0.0,Green (Compliant)
Uttar Pradesh,Chandauli *,0.0,0.0,0.0,0.0,0.0,0.0,1.0,1.0,0.0,0.0,Red (Service Desert)
Uttar Pradesh,Chitrakoot,2951.0,2436.0,14.0,5401.0,5387.0,42495.0,20237.0,62732.0,100.0,0.0,Green (Compliant)
Uttar Pradesh,Deoria,4700.0,5443.0,114.0,10257.0,10143.0,78834.0,59779.0,138613.0,100.0,0.0,Green (Compliant)
Uttar Pradesh,Etah,6760.0,4345.0,159.0,11264.0,11105.0,63551.0,23878.0,87429.0,100.0,0.0,Green (Compliant)
Uttar Pradesh,Etawah,4173.0,2865.0,116.0,7154.0,7038.0,51467.0,27628.0,79095.0,100.0,0.0,Green (Compliant)
Uttar Pradesh,Faizabad,4052.0,2871.0,3.0,6926.0,6923.0,65237.0,29679.0,94916.0,100.0,0.0,Green (Compliant)
Uttar Pradesh,Farrukhabad,2844.0,2944.0,82.0,5870.0,5788.0,55262.0,21934.0,77196.0,100.0,0.0,Green (Compliant)
Uttar Pradesh,Fatehpur,6526.0,5582.0,225.0,12333.0,12108.0,71340.0,46574.0,117914.0,100.0,0.0,Green (Compliant)
Uttar Pradesh,Firozabad,7250.0,4926.0,124.0,12300.0,12176.0,81603.0,32164.0,113767.0,100.0,0.0,Green (Compliant)
Uttar Pradesh,Gautam Buddha Nagar,9002.0,9318.0,637.0,18957.0,18320.0,49113.0,40326.0,89439.0,100.0,0.0,Green (Compliant)
Uttar Pradesh,Gautam Buddha Nagar *,0.0,0.0,0.0,0.0,0.0,0.0,2.0,2.0,0.0,0.0,Red (Service Desert)
Uttar Pradesh,Ghaziabad,11984.0,10693.0,393.0,23070.0,22677.0,103385.0,88637.0,192022.0,100.0,0.0,Green (Compliant)
Uttar Pradesh,Ghazipur,4323.0,6894.0,71.0,11288.0,11217.0,91279.0,54413.0,145692.0,100.0,0.0,Green (Compliant)
Uttar Pradesh,Gonda,7445.0,7494.0,328.0,15267.0,14939.0,99643.0,52432.0,152075.0,100.0,0.0,Green (Compliant)
Uttar Pradesh,Gorakhpur,7454.0,12090.0,425.0,19969.0,19544.0,81386.0,96778.0,178164.0,100.0,0.0,Green (Compliant)
Uttar Pradesh,Hamirpur,2040.0,1398.0,27.0,3465.0,3438.0,36831.0,17856.0,54687.0,100.0,0.0,Green (Compliant)
Uttar Pradesh,Hapur,4450.0,2771.0,41.0,7262.0,7221.0,39349.0,17406.0,56755.0,100.0,0.0,Green (Compliant)
Uttar Pradesh,Hardoi,12591.0,12290.0,312.0,25193.0,24881.0,150577.0,54520.0,205097.0,100.0,0.0,Green (Compliant)
Uttar Pradesh,Hathras,3815.0,2596.0,82.0,6493.0,6411.0,60241.0,20163.0,80404.0,100.0,0.0,Green (Compliant)
Uttar Pradesh,Jalaun,2791.0,2641.0,125.0,5557.0,5432.0,46744.0,27938.0,74682.0,100.0,0.0,Green (Compliant)
Uttar Pradesh,Jaunpur,5400.0,10237.0,216.0,15853.0,15637.0,109148.0,73932.0,183080.0,100.0,0.0,Green (Compliant)
Uttar Pradesh,Jhansi,4570.0,2519.0,71.0,7160.0,7089.0,68211.0,43794.0,112005.0,100.0,0.0,Green (Compliant)
Uttar Pradesh,Jyotiba Phule Nagar,61.0,23.0,0.0,84.0,84.0,20.0,157.0,177.0,23.809523809523807,64.0,Red (Service Desert)
Uttar Pradesh,Kannauj,3083.0,3455.0,100.0,6638.0,6538.0,49715.0,21938.0,71653.0,100.0,0.0,Green (Compliant)
Uttar Pradesh,Kanpur Dehat,4032.0,3802.0,183.0,8017.0,7834.0,53708.0,21918.0,75626.0,100.0,0.0,Green (Compliant)
Uttar Pradesh,Kanpur Nagar,11427.0,12606.0,675.0,24708.0,24033.0,92823.0,88615.0,181438.0,100.0,0.0,Green (Compliant)
Uttar Pradesh,Kasganj,3206.0,2977.0,158.0,6341.0,6183.0,51039.0,23480.0,74519.0,100.0,0.0,Green (Compliant)
Uttar Pradesh,Kaushambi,4356.0,3038.0,69.0,7463.0,7394.0,74241.0,23354.0,97595.0,100.0,0.0,Green (Compliant)
Uttar Pradesh,Kheri,11282.0,12841.0,455.0,24578.0,24123.0,139638.0,50425.0,190063.0,100.0,0.0,Green (Compliant)
Uttar Pradesh,Kushi Nagar,779.0,777.0,14.0,1570.0,1556.0,0.0,0.0,0.0,0.0,1556.0,Red (Service Desert)
Uttar Pradesh,Kushinagar,4449.0,6132.0,30.0,10611.0,10581.0,81324.0,66502.0,147826.0,100.0,0.0,Green (Compliant)
Uttar Pradesh,Kushinagar *,5.0,1.0,0.0,6.0,6.0,39.0,40.0,79.0,100.0,0.0,Green (Compliant)
Uttar Pradesh,Lalitpur,3376.0,1305.0,72.0,4753.0,4681.0,45154.0,30366.0,75520.0,100.0,0.0,Green (Compliant)
Uttar Pradesh,Lucknow,13739.0,11321.0,454.0,25514.0,25060.0,123838.0,93552.0,217390.0,100.0,0.0,Green (Compliant)
Uttar Pradesh,Maharajganj,6132.0,11265.0,474.0,17871.0,17397.0,58855.0,44246.0,103101.0,100.0,0.0,Green (Compliant)
Uttar Pradesh,Mahoba,1979.0,1029.0,12.0,3020.0,3008.0,31178.0,15161.0,46339.0,100.0,0.0,Green (Compliant)
Uttar Pradesh,Mahoba *,0.0,0.0,0.0,0.0,0.0,0.0,1.0,1.0,0.0,0.0,Red (Service Desert)
Uttar Pradesh,Mahrajganj,10.0,9.0,0.0,19.0,19.0,11.0,14.0,25.0,57.89473684210527,8.0,Yellow (Moderate Risk)
Uttar Pradesh,Mainpuri,5056.0,6483.0,187.0,11726.0,11539.0,47533.0,26258.0,73791.0,100.0,0.0,Green (Compliant)
Uttar Pradesh,Mathura,5851.0,5766.0,129.0,11746.0,11617.0,79993.0,39424.0,119417.0,100.0,0.0,Green (Compliant)
Uttar Pradesh,Mau,2590.0,4942.0,47.0,7579.0,7532.0,46911.0,40950.0,87861.0,100.0,0.0,Green (Compliant)
Uttar Pradesh,Meerut,14177.0,9598.0,252.0,24027.0,23775.0,109237.0,64415.0,173652.0,100.0,0.0,Green (Compliant)
Uttar Pradesh,Mirzapur,3536.0,4101.0,8.0,7645.0,7637.0,73940.0,34252.0,108192.0,100.0,0.0,Green (Compliant)
Uttar Pradesh,Moradabad,15196.0,6131.0,218.0,21545.0,21327.0,101759.0,58715.0,160474.0,100.0,0.0,Green (Compliant)
Uttar Pradesh,Muzaffarnagar,7250.0,4575.0,124.0,11949.0,11825.0,113738.0,56113.0,169851.0,100.0,0.0,Green (Compliant)
Uttar Pradesh,Pilibhit,8791.0,4631.0,213.0,13635.0,13422.0,94560.0,41070.0,135630.0,100.0,0.0,Green (Compliant)
Uttar Pradesh,Pratapgarh,5866.0,4386.0,56.0,10308.0,10252.0,78855.0,53105.0,131960.0,100.0,0.0,Green (Compliant)
Uttar Pradesh,Prayagraj,1428.0,1255.0,182.0,2865.0,2683.0,10696.0,9527.0,20223.0,100.0,0.0,Green (Compliant)
Uttar Pradesh,Rae Bareli,5812.0,3875.0,42.0,9729.0,9687.0,83330.0,45408.0,128738.0,100.0,0.0,Green (Compliant)
Uttar Pradesh,Raebareli,0.0,3.0,0.0,3.0,3.0,3.0,6.0,9.0,100.0,0.0,Green (Compliant)
Uttar Pradesh,Rampur,12051.0,7757.0,302.0,20110.0,19808.0,83353.0,41589.0,124942.0,100.0,0.0,Green (Compliant)
Uttar Pradesh,Saharanpur,13708.0,5359.0,99.0,19166.0,19067.0,114742.0,75974.0,190716.0,100.0,0.0,Green (Compliant)
Uttar Pradesh,Sambhal,4744.0,3816.0,117.0,8677.0,8560.0,78323.0,25024.0,103347.0,100.0,0.0,Green (Compliant)
Uttar Pradesh,Sant Kabir Nagar,2789.0,3343.0,37.0,6169.0,6132.0,53729.0,36811.0,90540.0,100.0,0.0,Green (Compliant)
Uttar Pradesh,Sant Ravidas Nagar,1869.0,2547.0,4.0,4420.0,4416.0,44701.0,23372.0,68073.0,100.0,0.0,Green (Compliant)
Uttar Pradesh,Sant Ravidas Nagar Bhadohi,37.0,47.0,0.0,84.0,84.0,47.0,63.0,110.0,55.952380952380956,37.0,Yellow (Moderate Risk)
Uttar Pradesh,Shahjahanpur,12811.0,11033.0,447.0,24291.0,23844.0,114767.0,39721.0,154488.0,100.0,0.0,Green (Compliant)
Uttar Pradesh,Shamli,5530.0,2613.0,57.0,8200.0,8143.0,65022.0,38112.0,103134.0,100.0,0.0,Green (Compliant)
Uttar Pradesh,Shravasti,867.0,1570.0,98.0,2535.0,2437.0,0.0,0.0,0.0,0.0,2437.0,Red (Service Desert)
Uttar Pradesh,Shrawasti,1816.0,3151.0,150.0,5117.0,4967.0,35921.0,20643.0,56564.0,100.0,0.0,Green (Compliant)
Uttar Pradesh,Siddharth Nagar,1603.0,2586.0,152.0,4341.0,4189.0,0.0,0.0,0.0,0.0,4189.0,Red (Service Desert)
Uttar Pradesh,Siddharthnagar,4875.0,8739.0,399.0,14013.0,13614.0,65033.0,42247.0,107280.0,100.0,0.0,Green (Compliant)
Uttar Pradesh,Sitapur,16237.0,13869.0,748.0,30854.0,30106.0,200310.0,64001.0,264311.0,100.0,0.0,Green (Compliant)
Uttar Pradesh,Sonbhadra,2998.0,2023.0,13.0,5034.0,5021.0,72009.0,31746.0,103755.0,100.0,0.0,Green (Compliant)
Uttar Pradesh,Sultanpur,5465.0,5837.0,132.0,11434.0,11302.0,60800.0,37665.0,98465.0,100.0,0.0,Green (Compliant)
Uttar Pradesh,Unnao,9838.0,8943.0,367.0,19148.0,18781.0,92856.0,53534.0,146390.0,100.0,0.0,Green (Compliant)
Uttar Pradesh,Varanasi,9479.0,13404.0,451.0,23334.0,22883.0,102481.0,79930.0,182411.0,100.0,0.0,Green (Compliant)
Uttarakhand,Almora,1228.0,131.0,8.0,1367.0,1359.0,16853.0,15555.0,32408.0,100.0,0.0,Green (Compliant)
Uttarakhand,Bageshwar,675.0,65.0,2.0,742.0,740.0,8018.0,13477.0,21495.0,100.0,0.0,Green (Compliant)
Uttarakhand,Chamoli,1006.0,77.0,7.0,1090.0,1083.0,13657.0,14745.0,28402.0,100.0,0.0,Green (Compliant)
Uttarakhand,Champawat,769.0,96.0,1.0,866.0,865.0,11728.0,11486.0,23214.0,100.0,0.0,Green (Compliant)
Uttarakhand,Dehradun,7797.0,1554.0,134.0,9485.0,9351.0,65769.0,63511.0,129280.0,100.0,0.0,Green (Compliant)
Uttarakhand,Garhwal,52.0,4.0,0.0,56.0,56.0,30.0,306.0,336.0,53.57142857142857,26.0,Yellow (Moderate Risk)
Uttarakhand,Hardwar,118.0,28.0,0.0,146.0,146.0,196.0,699.0,895.0,100.0,0.0,Green (Compliant)
Uttarakhand,Haridwar,4688.0,1215.0,52.0,5955.0,5903.0,88084.0,46552.0,134636.0,100.0,0.0,Green (Compliant)
Uttarakhand,Nainital,3417.0,458.0,76.0,3951.0,3875.0,37930.0,31431.0,69361.0,100.0,0.0,Green (Compliant)
Uttarakhand,Pauri Garhwal,1677.0,165.0,14.0,1856.0,1842.0,24167.0,19592.0,43759.0,100.0,0.0,Green (Compliant)
Uttarakhand,Pithoragarh,1065.0,146.0,9.0,1220.0,1211.0,15610.0,14573.0,30183.0,100.0,0.0,Green (Compliant)
Uttarakhand,Rudraprayag,874.0,82.0,0.0,956.0,956.0,11684.0,12494.0,24178.0,100.0,0.0,Green (Compliant)
Uttarakhand,Tehri Garhwal,2444.0,324.0,13.0,2781.0,2768.0,27362.0,29919.0,57281.0,100.0,0.0,Green (Compliant)
Uttarakhand,Udham Singh Nagar,5092.0,985.0,18.0,6095.0,6077.0,89690.0,55177.0,144867.0,100.0,0.0,Green (Compliant)
Uttarakhand,Uttarkashi,978.0,149.0,5.0,1132.0,1127.0,13663.0,10805.0,24468.0,100.0,0.0,Green (Compliant)
Uttaranchal,Almora,0.0,0.0,0.0,0.0,0.0,0.0,1.0,1.0,0.0,0.0,Red (Service Desert)
Uttaranchal,Garhwal,0.0,0.0,0.0,0.0,0.0,0.0,1.0,1.0,0.0,0.0,Red (Service Desert)
WEST BENGAL,HOOGHLY,3.0,1.0,0.0,4.0,4.0,1.0,15.0,16.0,25.0,3.0,Red (Service Desert)
WEST BENGAL,HOWRAH,0.0,0.0,0.0,0.0,0.0,7.0,12.0,19.0,0.0,0.0,Red (Service Desert)
WEST BENGAL,hooghly,0.0,0.0,0.0,0.0,0.0,0.0,2.0,2.0,0.0,0.0,Red (Service Desert)
WESTBENGAL,HOOGHLY,1.0,0.0,0.0,1.0,1.0,5.0,7.0,12.0,100.0,0.0,Green (Compliant)
West  Bengal,Hooghly,9.0,6.0,0.0,15.0,15.0,6.0,22.0,28.0,40.0,9.0,Red (Service Desert)
West Bangal,Hooghly,5.0,1.0,0.0,6.0,6.0,10.0,24.0,34.0,100.0,0.0,Green (Compliant)
West Bangal,Howrah,2.0,2.0,0.0,4.0,4.0,5.0,14.0,19.0,100.0,0.0,Green (Compliant)
West Bangal,South 24 Parganas,0.0,0.0,0.0,0.0,0.0,0.0,1.0,1.0,0.0,0.0,Red (Service Desert)
West Bengal,24 Paraganas North,3177.0,2458.0,512.0,6147.0,5635.0,0.0,0.0,0.0,0.0,5635.0,Red (Service Desert)
West Bengal,24 Paraganas South,364.0,104.0,22.0,490.0,468.0,0.0,0.0,0.0,0.0,468.0,Red (Service Desert)
West Bengal,Alipurduar,1521.0,1714.0,438.0,3673.0,3235.0,3735.0,3890.0,7625.0,100.0,0.0,Green (Compliant)
West Bengal,Bally Jagachha,0.0,0.0,0.0,0.0,0.0,0.0,5.0,5.0,0.0,0.0,Red (Service Desert)
West Bengal,Bankura,9083.0,2122.0,150.0,11355.0,11205.0,53009.0,55040.0,108049.0,100.0,0.0,Green (Compliant)
West Bengal,Barddhaman,12816.0,3006.0,14.0,15836.0,15822.0,78501.0,102625.0,181126.0,100.0,0.0,Green (Compliant)
West Bengal,Bardhaman,1345.0,428.0,3.0,1776.0,1773.0,2974.0,11201.0,14175.0,100.0,0.0,Green (Compliant)
West Bengal,Birbhum,13361.0,2041.0,107.0,15509.0,15402.0,47630.0,62564.0,110194.0,100.0,0.0,Green (Compliant)
West Bengal,Burdwan,2.0,0.0,0.0,2.0,2.0,1.0,4.0,5.0,50.0,1.0,Yellow (Moderate Risk)
West Bengal,Cooch Behar,7262.0,3220.0,246.0,10728.0,10482.0,20061.0,25103.0,45164.0,100.0,0.0,Green (Compliant)
West Bengal,Coochbehar,2140.0,2087.0,183.0,4410.0,4227.0,0.0,0.0,0.0,0.0,4227.0,Red (Service Desert)
West Bengal,Dakshin Dinajpur,5358.0,1069.0,99.0,6526.0,6427.0,21351.0,23308.0,44659.0,100.0,0.0,Green (Compliant)
West Bengal,Darjeeling,3967.0,2579.0,773.0,7319.0,6546.0,13781.0,26321.0,40102.0,100.0,0.0,Green (Compliant)
West Bengal,Darjiling,535.0,189.0,2.0,726.0,724.0,541.0,2045.0,2586.0,74.72375690607734,183.0,Yellow (Moderate Risk)
West Bengal,Dinajpur Dakshin,707.0,256.0,34.0,997.0,963.0,0.0,0.0,0.0,0.0,963.0,Red (Service Desert)
West Bengal,Dinajpur Uttar,6478.0,4859.0,334.0,11671.0,11337.0,0.0,0.0,0.0,0.0,11337.0,Red (Service Desert)
West Bengal,Domjur,0.0,0.0,0.0,0.0,0.0,0.0,3.0,3.0,0.0,0.0,Red (Service Desert)
West Bengal,East Midnapore,1796.0,318.0,4.0,2118.0,2114.0,7721.0,18977.0,26698.0,100.0,0.0,Green (Compliant)
West Bengal,East Midnapur,1.0,0.0,0.0,1.0,1.0,0.0,13.0,13.0,0.0,1.0,Red (Service Desert)
West Bengal,East midnapore,0.0,0.0,0.0,0.0,0.0,1.0,4.0,5.0,0.0,0.0,Red (Service Desert)
West Bengal,HOOGHLY,2.0,0.0,0.0,2.0,2.0,1.0,3.0,4.0,50.0,1.0,Yellow (Moderate Risk)
West Bengal,HOWRAH,2.0,1.0,0.0,3.0,3.0,3.0,8.0,11.0,100.0,0.0,Green (Compliant)
West Bengal,Haora,1943.0,917.0,2.0,2862.0,2860.0,5290.0,22465.0,27755.0,100.0,0.0,Green (Compliant)
West Bengal,Hawrah,3.0,3.0,0.0,6.0,6.0,3.0,10.0,13.0,50.0,3.0,Yellow (Moderate Risk)
West Bengal,Hooghiy,1.0,0.0,0.0,1.0,1.0,1.0,6.0,7.0,100.0,0.0,Green (Compliant)
West Bengal,Hooghly,11132.0,3853.0,342.0,15327.0,14985.0,70325.0,90385.0,160710.0,100.0,0.0,Green (Compliant)
West Bengal,Howrah,8137.0,3124.0,146.0,11407.0,11261.0,43092.0,56242.0,99334.0,100.0,0.0,Green (Compliant)
West Bengal,Hugli,148.0,46.0,0.0,194.0,194.0,97.0,342.0,439.0,50.0,97.0,Yellow (Moderate Risk)
West Bengal,Jalpaiguri,5674.0,4442.0,538.0,10654.0,10116.0,32134.0,48509.0,80643.0,100.0,0.0,Green (Compliant)
West Bengal,Jhargram,741.0,171.0,50.0,962.0,912.0,1747.0,2259.0,4006.0,100.0,0.0,Green (Compliant)
West Bengal,KOLKATA,0.0,1.0,0.0,1.0,1.0,1.0,1.0,2.0,100.0,0.0,Green (Compliant)
West Bengal,Kalimpong,176.0,184.0,153.0,513.0,360.0,442.0,281.0,723.0,100.0,0.0,Green (Compliant)
West Bengal,Koch Bihar,2227.0,1111.0,10.0,3348.0,3338.0,2719.0,10482.0,13201.0,81.45596165368484,619.0,Green (Compliant)
West Bengal,Kolkata,5028.0,4610.0,723.0,10361.0,9638.0,26755.0,64255.0,91010.0,100.0,0.0,Green (Compliant)
West Bengal,MALDA,14.0,1.0,0.0,15.0,15.0,6.0,35.0,41.0,40.0,9.0,Red (Service Desert)
West Bengal,Malda,11775.0,3956.0,84.0,15815.0,15731.0,38434.0,56884.0,95318.0,100.0,0.0,Green (Compliant)
West Bengal,Maldah,1190.0,566.0,0.0,1756.0,1756.0,3369.0,10807.0,14176.0,100.0,0.0,Green (Compliant)
West Bengal,Medinipur,26.0,3.0,0.0,29.0,29.0,24.0,51.0,75.0,82.75862068965517,5.0,Green (Compliant)
West Bengal,Medinipur West,325.0,300.0,20.0,645.0,625.0,0.0,0.0,0.0,0.0,625.0,Red (Service Desert)
West Bengal,Murshidabad,31442.0,4383.0,86.0,35911.0,35825.0,90308.0,128771.0,219079.0,100.0,0.0,Green (Compliant)
West Bengal,NADIA,3.0,0.0,0.0,3.0,3.0,0.0,3.0,3.0,0.0,3.0,Red (Service Desert)
West Bengal,Nadia,13244.0,3623.0,843.0,17710.0,16867.0,51700.0,76091.0,127791.0,100.0,0.0,Green (Compliant)
West Bengal,North 24 Parganas,21517.0,5741.0,1348.0,28606.0,27258.0,96368.0,127542.0,223910.0,100.0,0.0,Green (Compliant)
West Bengal,North Dinajpur,263.0,79.0,0.0,342.0,342.0,205.0,990.0,1195.0,59.94152046783626,137.0,Yellow (Moderate Risk)
West Bengal,North Twenty Four Parganas,1226.0,399.0,2.0,1627.0,1625.0,2855.0,11798.0,14653.0,100.0,0.0,Green (Compliant)
West Bengal,Paschim Bardhaman,865.0,318.0,93.0,1276.0,1183.0,3659.0,6446.0,10105.0,100.0,0.0,Green (Compliant)
West Bengal,Paschim Medinipur,14240.0,3695.0,150.0,18085.0,17935.0,69346.0,79404.0,148750.0,100.0,0.0,Green (Compliant)
West Bengal,Purba Bardhaman,2523.0,390.0,128.0,3041.0,2913.0,5236.0,7609.0,12845.0,100.0,0.0,Green (Compliant)
West Bengal,Purba Medinipur,12954.0,1310.0,58.0,14322.0,14264.0,61435.0,69921.0,131356.0,100.0,0.0,Green (Compliant)
West Bengal,Purulia,539.0,243.0,1.0,783.0,782.0,979.0,2896.0,3875.0,100.0,0.0,Green (Compliant)
West Bengal,Puruliya,9674.0,3412.0,133.0,13219.0,13086.0,36223.0,55873.0,92096.0,100.0,0.0,Green (Compliant)
West Bengal,South 24 Pargana,1.0,1.0,0.0,2.0,2.0,1.0,2.0,3.0,50.0,1.0,Yellow (Moderate Risk)
West Bengal,South 24 Parganas,25039.0,8197.0,304.0,33540.0,33236.0,102758.0,121866.0,224624.0,100.0,0.0,Green (Compliant)
West Bengal,South 24 pargana,0.0,0.0,0.0,0.0,0.0,1.0,0.0,1.0,0.0,0.0,Red (Service Desert)
West Bengal,South 24 parganas,2.0,0.0,0.0,2.0,2.0,0.0,5.0,5.0,0.0,2.0,Red (Service Desert)
West Bengal,South Dinajpur,375.0,71.0,0.0,446.0,446.0,554.0,1571.0,2125.0,100.0,0.0,Green (Compliant)
West Bengal,South DumDum(M),0.0,0.0,0.0,0.0,0.0,0.0,6.0,6.0,0.0,0.0,Red (Service Desert)
West Bengal,South Twenty Four Parganas,2978.0,1125.0,4.0,4107.0,4103.0,7977.0,25405.0,33382.0,100.0,0.0,Green (Compliant)
West Bengal,Uttar Dinajpur,18397.0,8127.0,368.0,26892.0,26524.0,32722.0,59034.0,91756.0,100.0,0.0,Green (Compliant)
West Bengal,West Medinipur,1.0,1.0,0.0,2.0,2.0,1.0,3.0,4.0,50.0,1.0,Yellow (Moderate Risk)
West Bengal,West Midnapore,1647.0,540.0,3.0,2190.0,2187.0,4390.0,14588.0,18978.0,100.0,0.0,Green (Compliant)
West Bengal,east midnapore,0.0,0.0,0.0,0.0,0.0,0.0,1.0,1.0,0.0,0.0,Red (Service Desert)
West Bengal,hooghly,2.0,1.0,0.0,3.0,3.0,3.0,18.0,21.0,100.0,0.0,Green (Compliant)
West Bengal,nadia,2.0,1.0,0.0,3.0,3.0,0.0,7.0,7.0,0.0,3.0,Red (Service Desert)
West bengal,Hooghly,0.0,0.0,0.0,0.0,0.0,0.0,2.0,2.0,0.0,0.0,Red (Service Desert)
West bengal,South 24 Parganas,0.0,0.0,0.0,0.0,0.0,0.0,1.0,1.0,0.0,0.0,Red (Service Desert)
West bengal,hooghly,6.0,1.0,0.0,7.0,7.0,5.0,12.0,17.0,71.42857142857143,2.0,Yellow (Moderate Risk)
Westbengal,Hooghly,3.0,3.0,0.0,6.0,6.0,2.0,14.0,16.0,33.33333333333333,4.0,Red (Service Desert)
Westbengal,Howrah,0.0,0.0,0.0,0.0,0.0,0.0,3.0,3.0,0.0,0.0,Red (Service Desert)
andhra pradesh,chittoor,4.0,0.0,0.0,4.0,4.0,17.0,16.0,33.0,100.0,0.0,Green (Compliant)
andhra pradesh,rangareddi,1.0,0.0,0.0,1.0,1.0,2.0,6.0,8.0,100.0,0.0,Green (Compliant)
odisha,Gajapati,0.0,0.0,0.0,0.0,0.0,0.0,16.0,16.0,0.0,0.0,Red (Service Desert)
west Bengal,South 24 Parganas,0.0,0.0,0.0,0.0,0.0,1.0,0.0,1.0,0.0,0.0,Red (Service Desert)
